No,Adjective,English Meaning,Turkish Meaning,Opposite Adjective,Comparative,Comparative Sentence,Comparative Translation,Superlative,Superlative Sentence,Superlative Translation,Sentence 1,Sentence 1 Translation,Sentence 1 Article,Sentence 1 Case,Sentence 2,Sentence 2 Translation,Sentence 2 Article,Sentence 2 Case
1,gut,good,iyi,schlecht,besser,Das neue Auto ist besser als das alte.,The new car is better than the old one.,am besten,Der Salat schmeckt hier am besten.,The salad tastes best here.,Das ist ein guter Plan.,That is a good plan.,ein (unbestimmt),Nominativ,Ich habe gute Nachrichten für dich.,I have good news for you.,ohne Artikel,Akkusativ
2,schön,"beautiful, nice",güzel,hässlich,schöner,Der Garten ist im Sommer schöner als im Herbst.,The garden is more beautiful in summer than in autumn.,am schönsten,Im Mai ist es hier am schönsten.,It is most beautiful here in May.,Das ist ein schönes Geschenk.,That is a beautiful gift.,ein (unbestimmt),Nominativ,Wir wohnen in einer schönen Wohnung.,We live in a nice apartment.,einer (unbestimmt),Dativ
3,neu,new,yeni,alt,neuer,Mein Handy ist neuer als deins.,My phone is newer than yours.,am neuesten,Dieses Modell ist am neuesten.,This model is the newest.,Ich kaufe ein neues Fahrrad.,I am buying a new bike.,ein (unbestimmt),Akkusativ,Die neue Lehrerin kommt aus Spanien.,The new teacher comes from Spain.,die (bestimmt),Nominativ
4,groß,"big, tall","büyük, uzun boylu",klein,größer,Mein Bruder ist größer als ich.,My brother is taller than I am.,am größten,Im Kurs ist Peter am größten.,In the class Peter is the tallest.,Wir haben einen großen Garten.,We have a big garden.,einen (unbestimmt),Akkusativ,In der großen Stadt gibt es viele Kinos.,There are many cinemas in the big city.,der (bestimmt),Dativ
5,lang,long,uzun,kurz,länger,Im Sommer sind die Tage länger.,In summer the days are longer.,am längsten,Im Juni ist der Tag am längsten.,In June the day is the longest.,Das ist ein langer Weg.,That is a long way.,ein (unbestimmt),Nominativ,Nach der langen Reise bin ich müde.,After the long trip I am tired.,der (bestimmt),Dativ
6,hoch,"high, tall",yüksek,niedrig,höher,Dieser Berg ist höher als der andere.,This mountain is higher than the other one.,am höchsten,Der Turm in der Stadt ist am höchsten.,The tower in the city is the highest.,Das Hotel hat sehr hohe Preise.,The hotel has very high prices.,ohne Artikel,Akkusativ,Wir wohnen in einem hohen Haus.,We live in a tall building.,einem (unbestimmt),Dativ
7,schnell,"fast, quick",hızlı,langsam,schneller,Der Zug ist schneller als der Bus.,The train is faster than the bus.,am schnellsten,Das Flugzeug ist am schnellsten.,The plane is the fastest.,Ich brauche eine schnelle Antwort.,I need a quick answer.,eine (unbestimmt),Akkusativ,Mit dem schnellen Zug sind wir in zwei Stunden da.,With the fast train we are there in two hours.,dem (bestimmt),Dativ
8,warm,warm,"sıcak, ılık",kalt,wärmer,Im Süden ist es wärmer.,It is warmer in the south.,am wärmsten,Im Juli ist es hier am wärmsten.,It is warmest here in July.,Heute trage ich eine warme Jacke.,Today I am wearing a warm jacket.,eine (unbestimmt),Akkusativ,Bei warmem Wetter gehen wir schwimmen.,In warm weather we go swimming.,ohne Artikel,Dativ
9,teuer,expensive,pahalı,billig,teurer,Dieses Hotel ist teurer als das andere.,This hotel is more expensive than the other one.,am teuersten,Das Zimmer am Meer ist am teuersten.,The room by the sea is the most expensive.,Das ist ein teures Restaurant.,That is an expensive restaurant.,ein (unbestimmt),Nominativ,Ich kaufe keine teuren Schuhe.,I do not buy expensive shoes.,keine (Negativartikel),Akkusativ
10,leicht,"easy, light","kolay, hafif",schwer,leichter,Deutsch ist leichter als ich dachte.,German is easier than I thought.,am leichtesten,Diese Aufgabe ist am leichtesten.,This task is the easiest.,Das ist eine leichte Übung.,That is an easy exercise.,eine (unbestimmt),Nominativ,Ich brauche einen leichten Koffer.,I need a light suitcase.,einen (unbestimmt),Akkusativ
11,einfach,"simple, easy","basit, kolay",schwierig,einfacher,Der zweite Text ist einfacher.,The second text is simpler.,am einfachsten,Mit dem Zug ist die Reise am einfachsten.,By train the trip is the easiest.,Das ist eine einfache Frage.,That is a simple question.,eine (unbestimmt),Nominativ,Wir suchen eine einfache Lösung.,We are looking for a simple solution.,eine (unbestimmt),Akkusativ
12,wichtig,important,önemli,unwichtig,wichtiger,Gesundheit ist wichtiger als Geld.,Health is more important than money.,am wichtigsten,Für mich ist die Familie am wichtigsten.,For me family is the most important.,Das ist ein wichtiger Termin.,That is an important appointment.,ein (unbestimmt),Nominativ,Wegen der wichtigen Besprechung komme ich später.,Because of the important meeting I will come later.,der (bestimmt),Genitiv
13,gesund,healthy,sağlıklı,krank,gesünder,Obst ist gesünder als Kuchen.,Fruit is healthier than cake.,am gesündesten,Gemüse ist am gesündesten.,Vegetables are the healthiest.,Das ist ein gesundes Frühstück.,That is a healthy breakfast.,ein (unbestimmt),Nominativ,Ich esse gern gesundes Essen.,I like eating healthy food.,ohne Artikel,Akkusativ
14,freundlich,friendly,"güler yüzlü, nazik",unfreundlich,freundlicher,Die Verkäuferin ist heute freundlicher.,The saleswoman is friendlier today.,am freundlichsten,Der Kellner ist am freundlichsten.,The waiter is the friendliest.,Das ist eine freundliche Familie.,That is a friendly family.,eine (unbestimmt),Nominativ,Wir danken dem freundlichen Kellner.,We thank the friendly waiter.,dem (bestimmt),Dativ
15,modern,modern,"modern, çağdaş",altmodisch,moderner,Meine neue Wohnung ist moderner.,My new apartment is more modern.,am modernsten,Dieser Bahnhof ist am modernsten.,This train station is the most modern.,Das ist ein modernes Haus.,That is a modern house.,ein (unbestimmt),Nominativ,Wir arbeiten in einem modernen Büro.,We work in a modern office.,einem (unbestimmt),Dativ
16,stark,strong,"güçlü, şiddetli",schwach,stärker,Mein Bruder ist stärker als ich.,My brother is stronger than I am.,am stärksten,Im Winter ist der Wind am stärksten.,In winter the wind is the strongest.,Ich trinke einen starken Kaffee.,I drink a strong coffee.,einen (unbestimmt),Akkusativ,Wegen des starken Regens bleiben wir hier.,Because of the heavy rain we are staying here.,des (bestimmt),Genitiv
17,hell,"bright, light","aydınlık, açık (renk)",dunkel,heller,Das Zimmer ist heller als das andere.,The room is brighter than the other one.,am hellsten,Im Wohnzimmer ist es am hellsten.,It is brightest in the living room.,Ich suche ein helles Zimmer.,I am looking for a bright room.,ein (unbestimmt),Akkusativ,In der hellen Küche koche ich gern.,I like cooking in the bright kitchen.,der (bestimmt),Dativ
18,laut,loud,"yüksek sesli, gürültülü",leise,lauter,Die Musik ist lauter als gestern.,The music is louder than yesterday.,am lautesten,Im Zug ist es am lautesten.,It is loudest on the train.,Der laute Nachbar stört uns.,The loud neighbor disturbs us.,der (bestimmt),Nominativ,Ich mag keine laute Musik.,I do not like loud music.,keine (Negativartikel),Akkusativ
19,sauber,clean,temiz,schmutzig,sauberer,Mein Zimmer ist sauberer als deins.,My room is cleaner than yours.,am saubersten,Die Küche ist am saubersten.,The kitchen is the cleanest.,Das ist ein sauberes Bad.,That is a clean bathroom.,ein (unbestimmt),Nominativ,Ich brauche ein sauberes Handtuch.,I need a clean towel.,ein (unbestimmt),Akkusativ
20,voll,"full, crowded","dolu, kalabalık",leer,voller,Der Bus ist heute voller als gestern.,The bus is more crowded today than yesterday.,am vollsten,Am Freitag ist der Zug am vollsten.,On Friday the train is the most crowded.,Ich habe einen vollen Terminkalender.,I have a full schedule.,einen (unbestimmt),Akkusativ,Der volle Bus fährt ab.,The crowded bus is leaving.,der (bestimmt),Nominativ
21,früh,early,erken,spät,früher,Heute stehe ich früher auf.,Today I get up earlier.,am frühesten,Am Montag beginnt die Arbeit am frühesten.,On Monday work starts the earliest.,Ich nehme den frühen Zug.,I take the early train.,den (bestimmt),Akkusativ,Am frühen Morgen ist es still.,It is quiet in the early morning.,"am (an dem, bestimmt)",Dativ
22,nah,"near, close",yakın,weit,näher,Die Schule ist näher als der Bahnhof.,The school is closer than the train station.,am nächsten,Die Apotheke ist am nächsten.,The pharmacy is the closest.,Der nahe Bahnhof ist praktisch.,The nearby train station is convenient.,der (bestimmt),Nominativ,Ich wohne in einem nahen Dorf.,I live in a nearby village.,einem (unbestimmt),Dativ
23,interessant,interesting,ilginç,langweilig,interessanter,Das Buch ist interessanter als der Film.,The book is more interesting than the film.,am interessantesten,Das Thema ist am interessantesten.,The topic is the most interesting.,Das ist ein interessanter Artikel.,That is an interesting article.,ein (unbestimmt),Nominativ,Ich habe einen interessanten Job gefunden.,I found an interesting job.,einen (unbestimmt),Akkusativ
24,sicher,"safe, sure","güvenli, emin",gefährlich,sicherer,Der Zug ist sicherer als das Auto.,The train is safer than the car.,am sichersten,Hier ist es am sichersten.,It is safest here.,Das ist ein sicherer Ort.,That is a safe place.,ein (unbestimmt),Nominativ,Wir suchen eine sichere Wohnung.,We are looking for a safe apartment.,eine (unbestimmt),Akkusativ
25,bequem,comfortable,"rahat, konforlu",unbequem,bequemer,Dieser Stuhl ist bequemer als der andere.,This chair is more comfortable than the other one.,am bequemsten,Das Sofa ist am bequemsten.,The sofa is the most comfortable.,Das ist ein bequemes Bett.,That is a comfortable bed.,ein (unbestimmt),Nominativ,Ich trage gern bequeme Schuhe.,I like wearing comfortable shoes.,ohne Artikel,Akkusativ
26,reich,rich,zengin,arm,reicher,Er ist reicher als sein Bruder.,He is richer than his brother.,am reichsten,In unserer Familie ist mein Onkel am reichsten.,In our family my uncle is the richest.,Ich kenne einen reichen Mann.,I know a rich man.,einen (unbestimmt),Akkusativ,Das Geld des reichen Mannes liegt auf der Bank.,The rich man's money is in the bank.,des (bestimmt),Genitiv
27,fleißig,hardworking,çalışkan,faul,fleißiger,Meine Schwester ist fleißiger als ich.,My sister is more hardworking than I am.,am fleißigsten,Anna lernt am fleißigsten.,Anna studies the hardest.,Das ist eine fleißige Schülerin.,That is a hardworking student.,eine (unbestimmt),Nominativ,Der Lehrer lobt die fleißigen Schüler.,The teacher praises the hardworking students.,die (bestimmt),Akkusativ
28,glücklich,happy,mutlu,traurig,glücklicher,Nach dem Urlaub bin ich glücklicher.,After the vacation I am happier.,am glücklichsten,Am Meer bin ich am glücklichsten.,By the sea I am happiest.,Das ist ein glückliches Kind.,That is a happy child.,ein (unbestimmt),Nominativ,Wir wünschen euch ein glückliches Jahr.,We wish you a happy year.,ein (unbestimmt),Akkusativ
29,müde,tired,yorgun,wach,müder,Heute bin ich müder als gestern.,Today I am more tired than yesterday.,am müdesten,Am Abend bin ich am müdesten.,In the evening I am the most tired.,Das müde Kind schläft ein.,The tired child falls asleep.,das (bestimmt),Nominativ,Ich helfe dem müden Mann.,I help the tired man.,dem (bestimmt),Dativ
30,hungrig,hungry,aç,satt,hungriger,Nach dem Sport bin ich hungriger.,After sports I am hungrier.,am hungrigsten,Vor dem Essen bin ich am hungrigsten.,Before the meal I am the hungriest.,Der hungrige Hund wartet.,The hungry dog is waiting.,der (bestimmt),Nominativ,Wir geben dem hungrigen Hund Wasser.,We give the hungry dog water.,dem (bestimmt),Dativ
31,nett,"nice, kind","nazik, sevimli",unhöflich,netter,Mein neuer Nachbar ist netter.,My new neighbor is nicer.,am nettesten,Von allen Nachbarn ist er am nettesten.,Of all the neighbors he is the nicest.,Das ist ein netter Kollege.,That is a nice colleague.,ein (unbestimmt),Nominativ,Ich habe eine nette Kollegin kennengelernt.,I met a nice colleague.,eine (unbestimmt),Akkusativ
32,klug,"clever, smart","akıllı, zeki",dumm,klüger,"Meine Tochter ist klüger, als ich dachte.",My daughter is smarter than I thought.,am klügsten,Er ist am klügsten in der Klasse.,He is the smartest in the class.,Das ist eine kluge Entscheidung.,That is a smart decision.,eine (unbestimmt),Nominativ,Wir folgen dem klugen Rat.,We follow the wise advice.,dem (bestimmt),Dativ
33,ruhig,"quiet, calm","sessiz, sakin",unruhig,ruhiger,Auf dem Land ist es ruhiger.,It is quieter in the countryside.,am ruhigsten,Nachts ist es am ruhigsten.,It is quietest at night.,Das ist eine ruhige Straße.,That is a quiet street.,eine (unbestimmt),Nominativ,Ich brauche einen ruhigen Platz zum Lernen.,I need a quiet place to study.,einen (unbestimmt),Akkusativ
34,pünktlich,"punctual, on time","dakik, zamanında",unpünktlich,pünktlicher,Der Bus ist heute pünktlicher.,The bus is more punctual today.,am pünktlichsten,Dieser Zug ist am pünktlichsten.,This train is the most punctual.,Ich suche einen pünktlichen Fahrer.,I am looking for a punctual driver.,einen (unbestimmt),Akkusativ,Die pünktliche Kollegin wartet schon.,The punctual colleague is already waiting.,die (bestimmt),Nominativ
35,frisch,fresh,taze,verdorben,frischer,Das Brot ist hier frischer.,The bread is fresher here.,am frischsten,Der Fisch ist am Morgen am frischsten.,The fish is freshest in the morning.,Ich kaufe frische Brötchen.,I buy fresh bread rolls.,ohne Artikel,Akkusativ,Mit dem frischen Gemüse koche ich Suppe.,I cook soup with the fresh vegetables.,dem (bestimmt),Dativ
36,breit,"wide, broad",geniş,schmal,breiter,Diese Straße ist breiter.,This street is wider.,am breitesten,Hier ist der Fluss am breitesten.,The river is widest here.,Wir brauchen ein breites Bett.,We need a wide bed.,ein (unbestimmt),Akkusativ,Auf dem breiten Weg können zwei Autos fahren.,Two cars can drive on the wide path.,dem (bestimmt),Dativ
37,dick,"thick, fat","kalın, şişman",dünn,dicker,Das Buch ist dicker als das andere.,The book is thicker than the other one.,am dicksten,Der Roman ist am dicksten.,The novel is the thickest.,Ich trage einen dicken Pullover.,I am wearing a thick sweater.,einen (unbestimmt),Akkusativ,Der dicke Mantel ist sehr warm.,The thick coat is very warm.,der (bestimmt),Nominativ
38,weich,soft,yumuşak,hart,weicher,Mein Bett ist weicher.,My bed is softer.,am weichsten,Dieses Kissen ist am weichsten.,This pillow is the softest.,Ich möchte ein weiches Ei.,I would like a soft-boiled egg.,ein (unbestimmt),Akkusativ,Auf dem weichen Sofa sitze ich gern.,I like sitting on the soft sofa.,dem (bestimmt),Dativ
39,tief,deep,derin,flach,tiefer,Der See ist tiefer als der Fluss.,The lake is deeper than the river.,am tiefsten,Hier ist das Wasser am tiefsten.,The water is deepest here.,Das ist ein tiefer Brunnen.,That is a deep well.,ein (unbestimmt),Nominativ,Wir springen in das tiefe Wasser.,We jump into the deep water.,das (bestimmt),Akkusativ
40,praktisch,practical,pratik,unpraktisch,praktischer,Der Rucksack ist praktischer als der Koffer.,The backpack is more practical than the suitcase.,am praktischsten,In der Stadt ist ein Fahrrad am praktischsten.,In the city a bike is the most practical.,Das ist ein praktisches Geschenk.,That is a practical gift.,ein (unbestimmt),Nominativ,Ich suche eine praktische Tasche.,I am looking for a practical bag.,eine (unbestimmt),Akkusativ
41,beliebt,popular,"sevilen, popüler",unbeliebt,beliebter,Dieses Café ist beliebter als das andere.,This café is more popular than the other one.,am beliebtesten,Dieses Restaurant ist am beliebtesten.,This restaurant is the most popular.,Das ist ein beliebtes Lied.,That is a popular song.,ein (unbestimmt),Nominativ,Die Kinder lieben den beliebten Lehrer.,The children love the popular teacher.,den (bestimmt),Akkusativ
42,günstig,"cheap, favorable","uygun fiyatlı, elverişli",teuer,günstiger,Im Supermarkt ist es günstiger.,It is cheaper at the supermarket.,am günstigsten,Online ist es am günstigsten.,It is cheapest online.,Das ist ein günstiges Angebot.,That is a good deal.,ein (unbestimmt),Nominativ,Wir suchen ein günstiges Hotel.,We are looking for an affordable hotel.,ein (unbestimmt),Akkusativ
43,scharf,"spicy, sharp","acı, keskin",mild,schärfer,Dieses Curry ist schärfer.,This curry is spicier.,am schärfsten,Die rote Soße ist am schärfsten.,The red sauce is the spiciest.,Ich bestelle die scharfe Suppe.,I order the spicy soup.,die (bestimmt),Akkusativ,Der scharfe Senf passt zur Wurst.,The hot mustard goes well with the sausage.,der (bestimmt),Nominativ
44,gemütlich,"cozy, comfortable","rahat, sıcak (ortam)",ungemütlich,gemütlicher,Zu Hause ist es gemütlicher.,It is cozier at home.,am gemütlichsten,Im Winter ist es am gemütlichsten.,In winter it is the coziest.,Das ist ein gemütliches Café.,That is a cozy café.,ein (unbestimmt),Nominativ,Wir sitzen im gemütlichen Wohnzimmer.,We are sitting in the cozy living room.,"im (in dem, bestimmt)",Dativ
45,ehrlich,honest,dürüst,unehrlich,ehrlicher,Er ist ehrlicher als sein Freund.,He is more honest than his friend.,am ehrlichsten,Meine Mutter ist am ehrlichsten.,My mother is the most honest.,Das ist eine ehrliche Antwort.,That is an honest answer.,eine (unbestimmt),Nominativ,Ich schätze den ehrlichen Menschen.,I value the honest person.,den (bestimmt),Akkusativ
46,zufrieden,"satisfied, content",memnun,unzufrieden,zufriedener,Mit der neuen Wohnung bin ich zufriedener.,With the new apartment I am more satisfied.,am zufriedensten,Am Wochenende bin ich am zufriedensten.,On the weekend I am the most content.,Der zufriedene Kunde kommt wieder.,The satisfied customer comes back.,der (bestimmt),Nominativ,Wir danken dem zufriedenen Kunden.,We thank the satisfied customer.,dem (bestimmt),Dativ
47,lustig,"funny, fun","komik, eğlenceli",ernst,lustiger,Der Film ist lustiger als das Buch.,The film is funnier than the book.,am lustigsten,Mein Onkel ist am lustigsten.,My uncle is the funniest.,Das ist eine lustige Geschichte.,That is a funny story.,eine (unbestimmt),Nominativ,Ich erzähle dem Kind einen lustigen Witz.,I tell the child a funny joke.,einen (unbestimmt),Akkusativ
48,süß,sweet,tatlı,sauer,süßer,Der Apfel ist süßer als die Birne.,The apple is sweeter than the pear.,am süßesten,Die Erdbeeren sind am süßesten.,The strawberries are the sweetest.,Ich trinke einen süßen Tee.,I drink a sweet tea.,einen (unbestimmt),Akkusativ,Das süße Eis schmeckt lecker.,The sweet ice cream tastes delicious.,das (bestimmt),Nominativ
49,heiß,hot,"sıcak, çok sıcak",kühl,heißer,Heute ist es heißer als gestern.,Today it is hotter than yesterday.,am heißesten,Im August ist es am heißesten.,It is hottest in August.,Das ist ein heißer Tag.,That is a hot day.,ein (unbestimmt),Nominativ,In der heißen Sonne ist es anstrengend.,In the hot sun it is exhausting.,der (bestimmt),Dativ
50,vorsichtig,"careful, cautious","dikkatli, temkinli",unvorsichtig,vorsichtiger,Im Winter fahre ich vorsichtiger.,In winter I drive more carefully.,am vorsichtigsten,Bei Regen fahre ich am vorsichtigsten.,When it rains I drive the most carefully.,Das ist ein vorsichtiger Fahrer.,That is a careful driver.,ein (unbestimmt),Nominativ,Mit vorsichtigen Schritten gehen wir weiter.,We continue with careful steps.,ohne Artikel,Dativ
