No,Infinitiv,Präteritum,Partizip_II,English_Meaning,Turkish_Meaning,Ich_Konjugation,Du_Konjugation,Sentence_Infinitiv,Sentence_Infinitiv_EN,Sentence_Praeteritum,Sentence_Praeteritum_EN,Sentence_PartizipII,Sentence_PartizipII_EN
1,sein,war,ist gewesen,to be,"olmak, bulunmak",ich bin,du bist,Ich möchte morgen pünktlich sein.,I would like to be on time tomorrow.,Gestern war das Wetter sehr schön.,Yesterday the weather was very nice.,Wir sind schon oft in Wien gewesen.,We have often been to Vienna.
2,haben,hatte,hat gehabt,to have,sahip olmak,ich habe,du hast,Ich möchte bald mehr Zeit haben.,I would like to have more time soon.,Wir hatten gestern einen langen Termin.,We had a long appointment yesterday.,Er hat leider keine Zeit gehabt.,"Unfortunately, he did not have any time."
3,werden,wurde,ist geworden,to become,"olmak, haline gelmek",ich werde,du wirst,Ich will später Lehrerin werden.,I want to become a teacher later.,Plötzlich wurde es sehr kalt.,Suddenly it became very cold.,Sie ist letztes Jahr Mutter geworden.,She became a mother last year.
4,machen,machte,hat gemacht,"to do, to make","yapmak, etmek",ich mache,du machst,Wir wollen am Wochenende einen Ausflug machen.,We want to go on a trip on the weekend.,Er machte die Hausaufgaben allein.,He did the homework alone.,Ich habe einen Fehler gemacht.,I made a mistake.
5,gehen,ging,ist gegangen,"to go, to walk","gitmek, yürümek",ich gehe,du gehst,Ich möchte heute früh ins Bett gehen.,I would like to go to bed early today.,Sie ging jeden Tag zu Fuß zur Arbeit.,She walked to work every day.,Wir sind gestern ins Kino gegangen.,We went to the cinema yesterday.
6,kommen,kam,ist gekommen,to come,gelmek,ich komme,du kommst,Kannst du morgen zu mir kommen?,Can you come to my place tomorrow?,Der Zug kam zehn Minuten zu spät.,The train arrived ten minutes late.,Er ist heute nicht zur Arbeit gekommen.,He did not come to work today.
7,sehen,sah,hat gesehen,to see,görmek,ich sehe,du siehst,Von hier kann man das Meer sehen.,You can see the sea from here.,Wir sahen den Film im Fernsehen.,We watched the film on TV.,Hast du den Unfall gesehen?,Did you see the accident?
8,geben,gab,hat gegeben,to give,vermek,ich gebe,du gibst,Können Sie mir bitte die Adresse geben?,"Can you give me the address, please?",Die Lehrerin gab uns viele Hausaufgaben.,The teacher gave us a lot of homework.,Er hat mir seine Telefonnummer gegeben.,He gave me his phone number.
9,nehmen,nahm,hat genommen,to take,almak,ich nehme,du nimmst,Ich möchte lieber den Bus nehmen.,I would rather take the bus.,Sie nahm ihre Tasche und ging hinaus.,She took her bag and went out.,Wir haben ein Taxi genommen.,We took a taxi.
10,wissen,wusste,hat gewusst,to know (a fact),bilmek,ich weiß,du weißt,Ich möchte die Antwort wissen.,I would like to know the answer.,Er wusste den Weg nicht.,He did not know the way.,Das habe ich nicht gewusst.,I did not know that.
11,können,konnte,hat gekonnt,"to be able to, can","-ebilmek, becerebilmek",ich kann,du kannst,Ich möchte gut schwimmen können.,I would like to be able to swim well.,Als Kind konnte ich schon Fahrrad fahren.,As a child I could already ride a bike.,Das habe ich nie gekonnt.,I was never able to do that.
12,müssen,musste,hat gemusst,"to have to, must","zorunda olmak, -meli",ich muss,du musst,Ich möchte nicht jeden Tag arbeiten müssen.,I would not like to have to work every day.,Gestern musste ich lange warten.,Yesterday I had to wait for a long time.,Das habe ich nicht gemusst.,I did not have to do that.
13,wollen,wollte,hat gewollt,to want,istemek,ich will,du willst,Man muss es auch wirklich wollen.,You really have to want it too.,Sie wollte Ärztin werden.,She wanted to become a doctor.,Das habe ich nicht gewollt.,I did not want that.
14,sollen,sollte,hat gesollt,"to be supposed to, should","-meli, gerekmek (tavsiye/emir)",ich soll,du sollst,Ich werde morgen einen Bericht schreiben sollen.,I will be supposed to write a report tomorrow.,Er sollte um acht Uhr zu Hause sein.,He was supposed to be at home at eight o'clock.,Das hast du nicht gesollt.,You were not supposed to do that.
15,dürfen,durfte,hat gedurft,"to be allowed to, may","izinli olmak, -ebilmek (izin)",ich darf,du darfst,Ich werde morgen früher gehen dürfen.,I will be allowed to leave earlier tomorrow.,Als Kind durfte ich nie lange fernsehen.,As a child I was never allowed to watch TV for long.,Das habe ich als Kind nie gedurft.,I was never allowed to do that as a child.
16,mögen,mochte,hat gemocht,to like,"sevmek, hoşlanmak",ich mag,du magst,Ich werde diese Stadt immer mögen.,I will always like this city.,Als Kind mochte ich keinen Fisch.,As a child I did not like fish.,Ich habe ihn nie gemocht.,I never liked him.
17,sagen,sagte,hat gesagt,"to say, to tell","söylemek, demek",ich sage,du sagst,Ich möchte dir etwas sagen.,I would like to tell you something.,Er sagte nichts.,He said nothing.,Hat sie etwas gesagt?,Did she say anything?
18,sprechen,sprach,hat gesprochen,to speak,konuşmak,ich spreche,du sprichst,Ich möchte besser Deutsch sprechen.,I would like to speak German better.,Sie sprach sehr leise.,She spoke very quietly.,Wir haben lange über das Problem gesprochen.,We talked about the problem for a long time.
19,denken,dachte,hat gedacht,to think,düşünmek,ich denke,du denkst,Ich muss noch an die Hausaufgaben denken.,I still have to think about the homework.,Er dachte an seine Familie.,He thought about his family.,Ich habe oft an dich gedacht.,I have often thought of you.
20,finden,fand,hat gefunden,to find,bulmak,ich finde,du findest,Ich kann meinen Schlüssel nicht finden.,I cannot find my key.,Wir fanden das Restaurant sofort.,We found the restaurant right away.,Hast du die Adresse gefunden?,Did you find the address?
21,bleiben,blieb,ist geblieben,"to stay, to remain",kalmak,ich bleibe,du bleibst,Ich möchte heute zu Hause bleiben.,I would like to stay at home today.,Er blieb zwei Wochen in Berlin.,He stayed in Berlin for two weeks.,Wir sind den ganzen Tag im Park geblieben.,We stayed in the park all day.
22,stehen,stand,hat gestanden,to stand,"ayakta durmak, durmak",ich stehe,du stehst,Hier darf man nicht lange stehen.,You may not stand here for long.,Das Auto stand vor dem Haus.,The car stood in front of the house.,Ich habe lange in der Schlange gestanden.,I stood in line for a long time.
23,liegen,lag,hat gelegen,"to lie, to be located","yatmak, bulunmak",ich liege,du liegst,Ich möchte am Strand liegen.,I would like to lie on the beach.,Das Buch lag auf dem Tisch.,The book was lying on the table.,Er hat den ganzen Tag im Bett gelegen.,He lay in bed all day.
24,sitzen,saß,hat gesessen,to sit,oturmak,ich sitze,du sitzt,Ich möchte am Fenster sitzen.,I would like to sit by the window.,Sie saß allein im Café.,She sat alone in the café.,Wir haben lange im Wartezimmer gesessen.,We sat in the waiting room for a long time.
25,bringen,brachte,hat gebracht,to bring,getirmek,ich bringe,du bringst,Kannst du mir bitte ein Glas Wasser bringen?,"Can you bring me a glass of water, please?",Der Kellner brachte die Speisekarte.,The waiter brought the menu.,Er hat mir Blumen gebracht.,He brought me flowers.
26,fahren,fuhr,ist gefahren,"to drive, to travel","araçla gitmek, sürmek",ich fahre,du fährst,Ich möchte im Sommer nach Spanien fahren.,I would like to travel to Spain in the summer.,Wir fuhren mit dem Zug nach München.,We took the train to Munich.,Er ist gestern mit dem Fahrrad zur Schule gefahren.,He rode his bike to school yesterday.
27,laufen,lief,ist gelaufen,"to run, to walk","koşmak, yürümek",ich laufe,du läufst,Ich möchte jeden Morgen im Park laufen.,I would like to run in the park every morning.,Der Mann lief schnell zum Bahnhof.,The man ran quickly to the station.,Wir sind eine Stunde durch die Stadt gelaufen.,We walked through the city for an hour.
28,essen,aß,hat gegessen,to eat,yemek yemek,ich esse,du isst,Wir wollen heute Abend Pizza essen.,We want to eat pizza tonight.,Er aß zum Frühstück ein Brötchen.,He ate a bread roll for breakfast.,Hast du schon zu Mittag gegessen?,Have you already had lunch?
29,trinken,trank,hat getrunken,to drink,içmek,ich trinke,du trinkst,Ich möchte einen Kaffee trinken.,I would like to drink a coffee.,Sie trank langsam ihren Tee.,She drank her tea slowly.,Wir haben zu wenig Wasser getrunken.,We drank too little water.
30,schlafen,schlief,hat geschlafen,to sleep,uyumak,ich schlafe,du schläfst,Ich kann bei dem Lärm nicht schlafen.,I cannot sleep with this noise.,Das Baby schlief die ganze Nacht.,The baby slept all night.,Hast du gut geschlafen?,Did you sleep well?
31,arbeiten,arbeitete,hat gearbeitet,to work,çalışmak,ich arbeite,du arbeitest,Ich muss morgen schon um sieben Uhr arbeiten.,I have to work at seven o'clock tomorrow.,Er arbeitete früher in einer Bank.,He used to work in a bank.,Sie hat lange in Hamburg gearbeitet.,She worked in Hamburg for a long time.
32,lernen,lernte,hat gelernt,"to learn, to study","öğrenmek, ders çalışmak",ich lerne,du lernst,Wir müssen für die Prüfung viel lernen.,We have to study a lot for the exam.,Sie lernte drei Jahre Englisch.,She studied English for three years.,Ich habe gestern zwei Stunden gelernt.,I studied for two hours yesterday.
33,lesen,las,hat gelesen,to read,okumak,ich lese,du liest,Ich möchte heute Abend ein Buch lesen.,I would like to read a book this evening.,Er las die Zeitung im Bus.,He read the newspaper on the bus.,Hast du die E-Mail schon gelesen?,Have you already read the email?
34,schreiben,schrieb,hat geschrieben,to write,yazmak,ich schreibe,du schreibst,Ich muss noch eine Bewerbung schreiben.,I still have to write an application.,Sie schrieb ihrer Mutter einen Brief.,She wrote her mother a letter.,Hast du ihm schon geschrieben?,Have you already written to him?
35,hören,hörte,hat gehört,"to hear, to listen","duymak, dinlemek",ich höre,du hörst,Wir wollen im Auto Musik hören.,We want to listen to music in the car.,Er hörte ein lautes Geräusch.,He heard a loud noise.,Hast du das gehört?,Did you hear that?
36,fragen,fragte,hat gefragt,to ask,sormak,ich frage,du fragst,Darf ich Sie etwas fragen?,May I ask you something?,Sie fragte nach dem Weg.,She asked for directions.,Hast du den Lehrer gefragt?,Did you ask the teacher?
37,antworten,antwortete,hat geantwortet,"to answer, to reply",cevap vermek,ich antworte,du antwortest,Ich muss noch auf die E-Mail antworten.,I still have to reply to the email.,Er antwortete nicht sofort.,He did not answer immediately.,Hat sie schon auf deine Nachricht geantwortet?,Has she already replied to your message?
38,brauchen,brauchte,hat gebraucht,to need,ihtiyacı olmak,ich brauche,du brauchst,Ich werde morgen mehr Zeit brauchen.,I will need more time tomorrow.,Er brauchte dringend Hilfe.,He urgently needed help.,Wir haben dafür zwei Stunden gebraucht.,We needed two hours for that.
39,kaufen,kaufte,hat gekauft,to buy,satın almak,ich kaufe,du kaufst,Ich möchte ein neues Handy kaufen.,I would like to buy a new phone.,Sie kaufte ein Kleid für die Party.,She bought a dress for the party.,Wir haben gestern Obst gekauft.,We bought fruit yesterday.
40,bezahlen,bezahlte,hat bezahlt,to pay,ödemek,ich bezahle,du bezahlst,Kann ich mit Karte bezahlen?,Can I pay by card?,Er bezahlte die Rechnung sofort.,He paid the bill immediately.,Hast du die Miete schon bezahlt?,Have you already paid the rent?
41,kosten,kostete,hat gekostet,to cost,"(fiyat olarak) olmak, mal olmak",ich koste,du kostest,Das Zimmer wird nicht viel kosten.,The room will not cost much.,Die Karte kostete zwanzig Euro.,The ticket cost twenty euros.,Wie viel hat das gekostet?,How much did that cost?
42,wohnen,wohnte,hat gewohnt,"to live, to reside","oturmak, ikamet etmek",ich wohne,du wohnst,Ich möchte in der Nähe vom Zentrum wohnen.,I would like to live near the center.,Wir wohnten früher in Köln.,We used to live in Cologne.,Wo hast du vorher gewohnt?,Where did you live before?
43,leben,lebte,hat gelebt,"to live, to be alive",yaşamak,ich lebe,du lebst,Viele Menschen möchten auf dem Land leben.,Many people would like to live in the countryside.,Mein Opa lebte lange in der Türkei.,My grandfather lived in Turkey for a long time.,Sie hat zehn Jahre im Ausland gelebt.,She lived abroad for ten years.
44,spielen,spielte,hat gespielt,to play,"oynamak, çalmak (müzik)",ich spiele,du spielst,Die Kinder wollen im Garten spielen.,The children want to play in the garden.,Er spielte früher Fußball im Verein.,He used to play football in a club.,Wir haben gestern Karten gespielt.,We played cards yesterday.
45,helfen,half,hat geholfen,to help,yardım etmek,ich helfe,du hilfst,Kannst du mir beim Umzug helfen?,Can you help me with the move?,Der Nachbar half uns sofort.,The neighbor helped us immediately.,Die Tabletten haben mir geholfen.,The tablets helped me.
46,warten,wartete,hat gewartet,to wait,beklemek,ich warte,du wartest,Ich möchte nicht lange warten.,I do not want to wait long.,Wir warteten eine Stunde auf den Bus.,We waited an hour for the bus.,Ich habe lange auf dich gewartet.,I waited a long time for you.
47,treffen,traf,hat getroffen,to meet,"buluşmak, karşılaşmak",ich treffe,du triffst,Ich möchte morgen eine Freundin treffen.,I would like to meet a friend tomorrow.,Er traf seinen Chef im Zug.,He met his boss on the train.,Ich habe zufällig meinen Lehrer getroffen.,I met my teacher by chance.
48,rufen,rief,hat gerufen,"to call, to shout","çağırmak, bağırmak",ich rufe,du rufst,Wir müssen schnell einen Arzt rufen.,We have to call a doctor quickly.,Sie rief laut meinen Namen.,She called my name loudly.,Hast du die Polizei gerufen?,Did you call the police?
49,anrufen,rief an,hat angerufen,to call (by phone),"telefon etmek, aramak",ich rufe an,du rufst an,Ich möchte morgen meine Oma anrufen.,I would like to call my grandma tomorrow.,Er rief mich gestern Abend an.,He called me yesterday evening.,Hat jemand für mich angerufen?,Did anyone call for me?
50,schicken,schickte,hat geschickt,to send,göndermek,ich schicke,du schickst,Ich möchte dir ein Foto schicken.,I would like to send you a photo.,Sie schickte mir eine Nachricht.,She sent me a message.,Wir haben das Paket gestern geschickt.,We sent the package yesterday.
51,bekommen,bekam,hat bekommen,"to get, to receive","almak, elde etmek",ich bekomme,du bekommst,Ich möchte morgen ein Paket bekommen.,I would like to receive a package tomorrow.,Sie bekam einen neuen Job.,She got a new job.,Hast du meine Nachricht bekommen?,Did you get my message?
52,verstehen,verstand,hat verstanden,to understand,anlamak,ich verstehe,du verstehst,Ich kann den Text nicht verstehen.,I cannot understand the text.,Wir verstanden die Frage nicht.,We did not understand the question.,Hast du alles verstanden?,Did you understand everything?
53,erklären,erklärte,hat erklärt,to explain,açıklamak,ich erkläre,du erklärst,Können Sie mir das bitte erklären?,"Can you explain that to me, please?",Der Lehrer erklärte die Regel noch einmal.,The teacher explained the rule once again.,Er hat mir den Weg erklärt.,He explained the way to me.
54,zeigen,zeigte,hat gezeigt,to show,göstermek,ich zeige,du zeigst,Ich möchte dir meine Wohnung zeigen.,I would like to show you my apartment.,Sie zeigte uns ihre Urlaubsfotos.,She showed us her vacation photos.,Er hat mir den Bahnhof gezeigt.,He showed me the train station.
55,lassen,ließ,hat gelassen,"to let, to leave","bırakmak, izin vermek, yaptırmak",ich lasse,du lässt,Ich muss mein Auto reparieren lassen.,I have to have my car repaired.,Er ließ den Schlüssel im Auto.,He left the key in the car.,Ich habe mein Handy zu Hause gelassen.,I left my phone at home.
56,tun,tat,hat getan,to do (general action),"eylemek, yapmak (genel fiil)",ich tue,du tust,"Ich weiß nicht, was ich tun soll.",I do not know what I should do.,Sie tat alles für ihre Kinder.,She did everything for her children.,Was hast du den ganzen Tag getan?,What did you do all day?
57,heißen,hieß,hat geheißen,to be called,adı ... olmak,ich heiße,du heißt,Das Mädchen soll Anna heißen.,The girl is supposed to be called Anna.,Wie hieß das Restaurant noch?,What was the restaurant called again?,Er hat früher anders geheißen.,He used to have a different name.
58,glauben,glaubte,hat geglaubt,"to believe, to think","inanmak, sanmak",ich glaube,du glaubst,Ich kann das nicht glauben.,I cannot believe that.,Er glaubte ihr nicht.,He did not believe her.,Hast du ihm geglaubt?,Did you believe him?
59,meinen,meinte,hat gemeint,"to mean, to think (opinion)","kastetmek, düşünmek (fikir)",ich meine,du meinst,"Ich weiß nicht, was er damit meinen will.",I do not know what he is trying to say by that.,Was meintest du damit?,What did you mean by that?,Das habe ich nicht so gemeint.,I did not mean it that way.
60,hoffen,hoffte,hat gehofft,to hope,ummak,ich hoffe,du hoffst,Wir können nur hoffen.,We can only hope.,Sie hoffte auf besseres Wetter.,She hoped for better weather.,Ich habe auf eine Antwort gehofft.,I hoped for an answer.
61,beginnen,begann,hat begonnen,to begin,başlamak,ich beginne,du beginnst,Der Kurs soll nächste Woche beginnen.,The course is supposed to begin next week.,Der Film begann um acht Uhr.,The film began at eight o'clock.,Das Konzert hat schon begonnen.,The concert has already begun.
62,anfangen,fing an,hat angefangen,to start,başlamak (bir şeye),ich fange an,du fängst an,Ich möchte mit dem Sport anfangen.,I would like to start doing sports.,Er fing früh mit der Arbeit an.,He started work early.,Wann hat der Unterricht angefangen?,When did the class start?
63,aufhören,hörte auf,hat aufgehört,"to stop, to quit","bırakmak, durmak",ich höre auf,du hörst auf,Ich möchte mit dem Rauchen aufhören.,I would like to quit smoking.,Der Regen hörte am Nachmittag auf.,The rain stopped in the afternoon.,Sie hat mit der Arbeit aufgehört.,She stopped working.
64,enden,endete,hat geendet,to end,"bitmek, sona ermek",ich ende,du endest,Der Kurs wird im Juli enden.,The course will end in July.,Die Party endete um Mitternacht.,The party ended at midnight.,Der Streit hat schlecht geendet.,The argument ended badly.
65,öffnen,öffnete,hat geöffnet,to open,açmak,ich öffne,du öffnest,Kannst du bitte das Fenster öffnen?,"Can you open the window, please?",Sie öffnete die Tür langsam.,She opened the door slowly.,Das Geschäft hat um neun Uhr geöffnet.,The shop opened at nine o'clock.
66,schließen,schloss,hat geschlossen,to close,kapatmak,ich schließe,du schließt,Wir müssen die Tür schließen.,We have to close the door.,Das Geschäft schloss um sechs Uhr.,The shop closed at six o'clock.,Hast du das Fenster geschlossen?,Did you close the window?
67,bestellen,bestellte,hat bestellt,to order,sipariş vermek,ich bestelle,du bestellst,Ich möchte zwei Kaffee bestellen.,I would like to order two coffees.,Er bestellte eine Suppe.,He ordered a soup.,Wir haben schon Pizza bestellt.,We have already ordered pizza.
68,besuchen,besuchte,hat besucht,to visit,ziyaret etmek,ich besuche,du besuchst,Wir wollen am Sonntag Freunde besuchen.,We want to visit friends on Sunday.,Sie besuchte einen Sprachkurs.,She attended a language course.,Er hat seine Eltern besucht.,He visited his parents.
69,einladen,lud ein,hat eingeladen,to invite,davet etmek,ich lade ein,du lädst ein,Ich möchte dich zum Essen einladen.,I would like to invite you to dinner.,Sie lud alle Nachbarn zur Party ein.,She invited all the neighbors to the party.,Er hat mich zu seinem Geburtstag eingeladen.,He invited me to his birthday.
70,mitbringen,brachte mit,hat mitgebracht,to bring along,yanında getirmek,ich bringe mit,du bringst mit,Soll ich etwas zu essen mitbringen?,Should I bring something to eat?,Er brachte Blumen mit.,He brought flowers along.,Hast du deinen Pass mitgebracht?,Did you bring your passport?
71,abholen,holte ab,hat abgeholt,to pick up,"almaya gitmek, karşılamak",ich hole ab,du holst ab,Ich muss meine Tochter von der Schule abholen.,I have to pick up my daughter from school.,Er holte uns am Bahnhof ab.,He picked us up at the station.,Wer hat das Paket abgeholt?,Who picked up the package?
72,einkaufen,kaufte ein,hat eingekauft,"to shop, to buy groceries",alışveriş yapmak,ich kaufe ein,du kaufst ein,Wir müssen heute noch einkaufen.,We still have to go shopping today.,Sie kaufte im Supermarkt ein.,She shopped at the supermarket.,Hast du schon eingekauft?,Have you already done the shopping?
73,aufstehen,stand auf,ist aufgestanden,to get up,"kalkmak, ayağa kalkmak",ich stehe auf,du stehst auf,Ich muss morgen früh aufstehen.,I have to get up early tomorrow.,Er stand um sechs Uhr auf.,He got up at six o'clock.,Bist du schon aufgestanden?,Have you already gotten up?
74,ankommen,kam an,ist angekommen,to arrive,"varmak, ulaşmak",ich komme an,du kommst an,Wir wollen um zehn Uhr ankommen.,We want to arrive at ten o'clock.,Der Zug kam pünktlich an.,The train arrived on time.,Bist du gut angekommen?,Did you arrive safely?
75,abfahren,fuhr ab,ist abgefahren,"to depart, to leave","hareket etmek, kalkmak",ich fahre ab,du fährst ab,Der Zug wird gleich abfahren.,The train will depart soon.,Der Bus fuhr pünktlich ab.,The bus left on time.,Der Zug ist schon abgefahren.,The train has already left.
76,einsteigen,stieg ein,ist eingestiegen,"to get on, to board",binmek,ich steige ein,du steigst ein,Wir müssen schnell in den Bus einsteigen.,We have to get on the bus quickly.,Er stieg in die falsche Bahn ein.,He got on the wrong train.,Bist du schon in den Zug eingestiegen?,Have you already boarded the train?
77,aussteigen,stieg aus,ist ausgestiegen,to get off,inmek,ich steige aus,du steigst aus,Ich muss an der nächsten Haltestelle aussteigen.,I have to get off at the next stop.,Sie stieg am Hauptbahnhof aus.,She got off at the main station.,Wir sind zu früh ausgestiegen.,We got off too early.
78,umsteigen,stieg um,ist umgestiegen,"to change (trains, buses)",aktarma yapmak,ich steige um,du steigst um,In Köln müssen Sie umsteigen.,You have to change in Cologne.,Wir stiegen in Frankfurt in den ICE um.,We changed to the ICE in Frankfurt.,Ich bin in Hannover umgestiegen.,I changed trains in Hanover.
79,fliegen,flog,ist geflogen,to fly,"uçmak, uçakla gitmek",ich fliege,du fliegst,Ich möchte nächsten Monat nach Istanbul fliegen.,I would like to fly to Istanbul next month.,Wir flogen zwei Stunden nach London.,We flew to London for two hours.,Bist du schon einmal geflogen?,Have you ever flown?
80,reisen,reiste,ist gereist,to travel,seyahat etmek,ich reise,du reist,Im Sommer wollen wir durch Italien reisen.,In the summer we want to travel through Italy.,Er reiste früher oft geschäftlich.,He used to travel on business often.,Sie ist allein nach Japan gereist.,She traveled to Japan alone.
81,buchen,buchte,hat gebucht,to book,"rezervasyon yapmak, satın almak (bilet/otel)",ich buche,du buchst,Ich möchte einen Flug buchen.,I would like to book a flight.,Wir buchten ein Hotel am Meer.,We booked a hotel by the sea.,Hast du die Reise schon gebucht?,Have you already booked the trip?
82,reservieren,reservierte,hat reserviert,to reserve,yer ayırtmak,ich reserviere,du reservierst,Ich möchte einen Tisch für vier Personen reservieren.,I would like to reserve a table for four people.,Er reservierte ein Zimmer für zwei Nächte.,He reserved a room for two nights.,Haben Sie einen Platz reserviert?,Did you reserve a seat?
83,mieten,mietete,hat gemietet,to rent (as a tenant),kiralamak,ich miete,du mietest,Wir wollen eine größere Wohnung mieten.,We want to rent a bigger apartment.,Sie mietete ein Auto für das Wochenende.,She rented a car for the weekend.,Ich habe ein Zimmer in der Stadt gemietet.,I rented a room in the city.
84,vermieten,vermietete,hat vermietet,to rent out,kiraya vermek,ich vermiete,du vermietest,Sie möchte das Zimmer an einen Studenten vermieten.,She would like to rent the room to a student.,Er vermietete seine Wohnung an eine Familie.,He rented his apartment to a family.,Wir haben die Garage vermietet.,We rented out the garage.
85,umziehen,zog um,ist umgezogen,to move (to a new home),taşınmak,ich ziehe um,du ziehst um,Wir wollen nächsten Monat umziehen.,We want to move next month.,Sie zog vor zwei Jahren nach Leipzig um.,She moved to Leipzig two years ago.,Wann bist du umgezogen?,When did you move?
86,ausziehen,zog aus,ist ausgezogen,"to move out, to take off (clothes)","evden çıkmak, çıkarmak (giysi)",ich ziehe aus,du ziehst aus,Mein Bruder will bald ausziehen.,My brother wants to move out soon.,Er zog mit achtzehn Jahren aus.,He moved out at eighteen.,Sie ist gestern aus der Wohnung ausgezogen.,She moved out of the apartment yesterday.
87,einziehen,zog ein,ist eingezogen,to move in,eve taşınmak,ich ziehe ein,du ziehst ein,Wir können nächste Woche einziehen.,We can move in next week.,Die neuen Nachbarn zogen am Montag ein.,The new neighbors moved in on Monday.,Sie sind schon in die Wohnung eingezogen.,They have already moved into the apartment.
88,suchen,suchte,hat gesucht,"to search, to look for",aramak,ich suche,du suchst,Ich muss eine neue Wohnung suchen.,I have to look for a new apartment.,Er suchte seine Brille überall.,He looked for his glasses everywhere.,Hast du lange nach dem Schlüssel gesucht?,Did you look for the key for long?
89,verlieren,verlor,hat verloren,to lose,kaybetmek,ich verliere,du verlierst,Ich will meinen Pass nicht verlieren.,I do not want to lose my passport.,Er verlor sein Portemonnaie im Bus.,He lost his wallet on the bus.,Wir haben das Spiel verloren.,We lost the game.
90,gewinnen,gewann,hat gewonnen,to win,kazanmak,ich gewinne,du gewinnst,Wir wollen das Spiel gewinnen.,We want to win the game.,Sie gewann einen Preis.,She won a prize.,Wer hat das Rennen gewonnen?,Who won the race?
91,vergessen,vergaß,hat vergessen,to forget,unutmak,ich vergesse,du vergisst,Ich will den Termin nicht vergessen.,I do not want to forget the appointment.,Er vergaß seinen Regenschirm.,He forgot his umbrella.,Ich habe den Schlüssel vergessen.,I forgot the key.
92,sich erinnern,erinnerte sich,hat sich erinnert,to remember,hatırlamak,ich erinnere mich,du erinnerst dich,Ich kann mich nicht an seinen Namen erinnern.,I cannot remember his name.,Sie erinnerte sich an ihre Kindheit.,She remembered her childhood.,Hast du dich an die Adresse erinnert?,Did you remember the address?
93,sich freuen,freute sich,hat sich gefreut,"to be happy, to look forward to","sevinmek, dört gözle beklemek",ich freue mich,du freust dich,Die Kinder dürfen sich auf die Ferien freuen.,The children can look forward to the holidays.,Er freute sich über das Geschenk.,He was happy about the gift.,Ich habe mich sehr über deinen Anruf gefreut.,I was very happy about your call.
94,sich ärgern,ärgerte sich,hat sich geärgert,to be annoyed,"sinirlenmek, kızmak",ich ärgere mich,du ärgerst dich,Ich will mich nicht mehr über Kleinigkeiten ärgern.,I do not want to get annoyed about little things anymore.,Er ärgerte sich über den Lärm.,He was annoyed about the noise.,Wir haben uns über die Verspätung geärgert.,We were annoyed about the delay.
95,sich interessieren,interessierte sich,hat sich interessiert,to be interested,"ilgilenmek, ilgi duymak",ich interessiere mich,du interessierst dich,Ich kann mich nicht für Politik interessieren.,I cannot get interested in politics.,Sie interessierte sich schon als Kind für Musik.,She was interested in music even as a child.,Er hat sich immer für Sport interessiert.,He has always been interested in sports.
96,entscheiden,entschied,hat entschieden,to decide,karar vermek,ich entscheide,du entscheidest,Wir müssen bald entscheiden.,We have to decide soon.,Der Chef entschied schnell.,The boss decided quickly.,Hast du schon entschieden?,Have you already decided?
97,sich entschuldigen,entschuldigte sich,hat sich entschuldigt,to apologize,özür dilemek,ich entschuldige mich,du entschuldigst dich,Ich möchte mich bei dir entschuldigen.,I would like to apologize to you.,Er entschuldigte sich für die Verspätung.,He apologized for being late.,Sie hat sich bei mir entschuldigt.,She apologized to me.
98,sich bedanken,bedankte sich,hat sich bedankt,to say thank you,teşekkür etmek,ich bedanke mich,du bedankst dich,Ich möchte mich bei Ihnen für die Hilfe bedanken.,I would like to thank you for the help.,Sie bedankte sich für das Geschenk.,She thanked them for the gift.,Hast du dich schon bei ihm bedankt?,Have you already thanked him?
99,gefallen,gefiel,hat gefallen,"to please, to like (something pleases me)","hoşuna gitmek, beğenmek",ich gefalle,du gefällst,Die Wohnung wird dir sicher gefallen.,You will surely like the apartment.,Der Film gefiel mir sehr gut.,I liked the film very much.,Wie hat dir das Essen gefallen?,How did you like the food?
100,schmecken,schmeckte,hat geschmeckt,to taste,"tadı ... olmak, lezzetli gelmek",ich schmecke,du schmeckst,Der Kuchen soll gut schmecken.,The cake is supposed to taste good.,Das Essen schmeckte wunderbar.,The food tasted wonderful.,Hat es dir geschmeckt?,Did you like the food?
101,passen,passte,hat gepasst,"to fit, to suit","uymak, yakışmak",ich passe,du passt,Die Jacke wird dir bestimmt passen.,The jacket will surely fit you.,Der Termin passte mir nicht.,The appointment did not suit me.,Die Schuhe haben gut gepasst.,The shoes fit well.
102,gehören,gehörte,hat gehört,to belong to,ait olmak,ich gehöre,du gehörst,Das Auto soll meinem Bruder gehören.,The car is supposed to belong to my brother.,Das Haus gehörte früher einer Familie.,The house used to belong to a family.,Wem hat das Buch gehört?,Who did the book belong to?
103,fehlen,fehlte,hat gefehlt,"to be missing, to be absent","eksik olmak, gelmemek, özlenmek",ich fehle,du fehlst,Dir wird hier bestimmt nichts fehlen.,You will surely not lack anything here.,Im Kurs fehlte gestern ein Student.,One student was absent from the course yesterday.,Du hast uns gestern sehr gefehlt.,We really missed you yesterday.
104,wehtun,tat weh,hat wehgetan,to hurt,"acımak, canını yakmak",ich tue weh,du tust weh,Das kann sehr wehtun.,That can hurt a lot.,Mein Kopf tat gestern sehr weh.,My head hurt a lot yesterday.,Hast du dir wehgetan?,Did you hurt yourself?
105,kennen,kannte,hat gekannt,to know (a person or place),"tanımak, bilmek",ich kenne,du kennst,Ich möchte diese Stadt besser kennen.,I would like to know this city better.,Er kannte den Weg gut.,He knew the way well.,Das habe ich früher nicht gekannt.,I did not know that before.
106,kennenlernen,lernte kennen,hat kennengelernt,"to get to know, to meet",tanışmak,ich lerne kennen,du lernst kennen,Ich möchte neue Leute kennenlernen.,I would like to meet new people.,Wir lernten uns auf einer Party kennen.,We met at a party.,Hast du ihn schon kennengelernt?,Have you already met him?
107,lieben,liebte,hat geliebt,to love,"sevmek, aşık olmak",ich liebe,du liebst,Sie wird dieses Land immer lieben.,She will always love this country.,Er liebte seine Heimatstadt.,He loved his hometown.,Ich habe diesen Film schon als Kind geliebt.,I loved this film even as a child.
108,heiraten,heiratete,hat geheiratet,"to marry, to get married",evlenmek,ich heirate,du heiratest,Sie wollen im Sommer heiraten.,They want to get married in the summer.,Meine Eltern heirateten vor dreißig Jahren.,My parents got married thirty years ago.,Er hat letztes Jahr geheiratet.,He got married last year.
109,streiten,stritt,hat gestritten,to argue,"tartışmak, kavga etmek",ich streite,du streitest,Wir wollen nicht mehr streiten.,We do not want to argue anymore.,Die Kinder stritten um das Spielzeug.,The children argued over the toy.,Sie haben sich gestern gestritten.,They had an argument yesterday.
110,lachen,lachte,hat gelacht,to laugh,gülmek,ich lache,du lachst,Wir müssen oft zusammen lachen.,We often have to laugh together.,Alle lachten über den Witz.,Everyone laughed at the joke.,Wir haben viel gelacht.,We laughed a lot.
111,weinen,weinte,hat geweint,to cry,ağlamak,ich weine,du weinst,Das Baby fängt an zu weinen.,The baby is starting to cry.,Sie weinte vor Freude.,She cried with joy.,Er hat lange geweint.,He cried for a long time.
112,lächeln,lächelte,hat gelächelt,to smile,gülümsemek,ich lächle,du lächelst,"Er versucht, freundlich zu lächeln.",He tries to smile in a friendly way.,Die Verkäuferin lächelte freundlich.,The saleswoman smiled in a friendly way.,Er hat die ganze Zeit gelächelt.,He smiled the whole time.
113,vorschlagen,schlug vor,hat vorgeschlagen,to suggest,önermek,ich schlage vor,du schlägst vor,Ich möchte ein Treffen am Montag vorschlagen.,I would like to suggest a meeting on Monday.,Er schlug ein neues Restaurant vor.,He suggested a new restaurant.,Wer hat diesen Termin vorgeschlagen?,Who suggested this date?
114,empfehlen,empfahl,hat empfohlen,to recommend,tavsiye etmek,ich empfehle,du empfiehlst,Können Sie mir ein gutes Hotel empfehlen?,Can you recommend a good hotel to me?,Die Ärztin empfahl mir viel Ruhe.,The doctor recommended a lot of rest to me.,Er hat uns dieses Café empfohlen.,He recommended this café to us.
115,raten,riet,hat geraten,"to advise, to guess","tavsiye etmek, tahmin etmek",ich rate,du rätst,"Ich kann dir nur raten, früher zu fahren.",I can only advise you to leave earlier.,Mein Freund riet mir zu diesem Kurs.,My friend advised me to take this course.,"Er hat mir geraten, einen Arzt zu besuchen.",He advised me to see a doctor.
116,erlauben,erlaubte,hat erlaubt,to allow,izin vermek,ich erlaube,du erlaubst,Ich kann dir das nicht erlauben.,I cannot allow you to do that.,"Der Chef erlaubte uns, früher zu gehen.",The boss allowed us to leave earlier.,Meine Eltern haben es mir erlaubt.,My parents allowed it.
117,verbieten,verbot,hat verboten,"to forbid, to ban",yasaklamak,ich verbiete,du verbietest,Die Stadt will das Parken hier verbieten.,The city wants to ban parking here.,Der Arzt verbot ihm das Rauchen.,The doctor forbade him to smoke.,Das haben sie uns verboten.,They forbade us from doing that.
118,versprechen,versprach,hat versprochen,to promise,söz vermek,ich verspreche,du versprichst,Ich kann nichts versprechen.,I cannot promise anything.,"Er versprach, pünktlich zu kommen.",He promised to come on time.,Du hast mir das versprochen.,You promised me that.
119,vermissen,vermisste,hat vermisst,to miss (a person),özlemek,ich vermisse,du vermisst,Ich werde meine Freunde sehr vermissen.,I will miss my friends very much.,Sie vermisste ihre Familie.,She missed her family.,Wir haben dich sehr vermisst.,We missed you a lot.
120,verdienen,verdiente,hat verdient,"to earn, to deserve","kazanmak, hak etmek",ich verdiene,du verdienst,Ich möchte mehr Geld verdienen.,I would like to earn more money.,Er verdiente früher wenig.,He used to earn little.,Sie hat den Preis verdient.,She deserved the prize.
121,sich bewerben,bewarb sich,hat sich beworben,to apply (for a job),başvurmak (iş),ich bewerbe mich,du bewirbst dich,Ich möchte mich um die Stelle bewerben.,I would like to apply for the position.,Sie bewarb sich bei einer Bank.,She applied to a bank.,Hast du dich schon beworben?,Have you already applied?
122,kündigen,kündigte,hat gekündigt,"to quit, to cancel (a contract)","istifa etmek, iptal etmek (sözleşme)",ich kündige,du kündigst,Ich muss den Vertrag kündigen.,I have to cancel the contract.,Er kündigte seine Wohnung.,He gave notice on his apartment.,Sie hat ihre Arbeit gekündigt.,She quit her job.
123,einstellen,stellte ein,hat eingestellt,"to hire, to adjust","işe almak, ayarlamak",ich stelle ein,du stellst ein,Die Firma will neue Mitarbeiter einstellen.,The company wants to hire new employees.,Sie stellten drei Verkäufer ein.,They hired three salespeople.,Man hat mich sofort eingestellt.,They hired me right away.
124,organisieren,organisierte,hat organisiert,to organize,"organize etmek, düzenlemek",ich organisiere,du organisierst,Wir müssen die Feier organisieren.,We have to organize the party.,Sie organisierte die Reise allein.,She organized the trip alone.,Wer hat das Treffen organisiert?,Who organized the meeting?
125,planen,plante,hat geplant,to plan,planlamak,ich plane,du planst,Wir wollen den Urlaub früh planen.,We want to plan the vacation early.,Er plante eine Überraschung.,He planned a surprise.,Hast du schon etwas für Samstag geplant?,Have you already planned something for Saturday?
126,vorbereiten,bereitete vor,hat vorbereitet,to prepare,hazırlamak,ich bereite vor,du bereitest vor,Wir müssen das Essen vorbereiten.,We have to prepare the food.,Sie bereitete die Präsentation gut vor.,She prepared the presentation well.,Hast du alles für die Reise vorbereitet?,Have you prepared everything for the trip?
127,teilnehmen,nahm teil,hat teilgenommen,to take part,katılmak,ich nehme teil,du nimmst teil,Ich möchte an dem Kurs teilnehmen.,I would like to take part in the course.,Viele Leute nahmen an der Feier teil.,Many people took part in the celebration.,Er hat an der Besprechung teilgenommen.,He took part in the meeting.
128,besprechen,besprach,hat besprochen,to discuss,"görüşmek, konuşup karara varmak",ich bespreche,du besprichst,Wir müssen den Plan noch besprechen.,We still have to discuss the plan.,Der Chef besprach das Problem mit uns.,The boss discussed the problem with us.,Habt ihr schon alles besprochen?,Have you already discussed everything?
129,diskutieren,diskutierte,hat diskutiert,"to discuss, to debate",tartışmak (fikir alışverişi),ich diskutiere,du diskutierst,Wir wollen über das Thema diskutieren.,We want to discuss the topic.,Sie diskutierten lange über die Kosten.,They discussed the costs for a long time.,Wir haben im Kurs über Umwelt diskutiert.,We discussed the environment in class.
130,informieren,informierte,hat informiert,to inform,bilgilendirmek,ich informiere,du informierst,Ich möchte Sie über die Änderung informieren.,I would like to inform you about the change.,Der Lehrer informierte die Eltern.,The teacher informed the parents.,Hat man dich schon informiert?,Have you already been informed?
131,mitteilen,teilte mit,hat mitgeteilt,"to inform, to let know","bildirmek, haber vermek",ich teile mit,du teilst mit,Wir müssen Ihnen leider etwas mitteilen.,"Unfortunately, we have to let you know something.",Er teilte uns die Antwort per E-Mail mit.,He told us the answer by email.,Sie hat mir ihre neue Adresse mitgeteilt.,She told me her new address.
132,berichten,berichtete,hat berichtet,to report,"haber vermek, rapor etmek",ich berichte,du berichtest,Die Zeitung will über den Unfall berichten.,The newspaper wants to report on the accident.,Er berichtete von seiner Reise.,He reported on his trip.,Sie hat im Radio darüber berichtet.,She reported on it on the radio.
133,erzählen,erzählte,hat erzählt,"to tell, to narrate",anlatmak,ich erzähle,du erzählst,Mein Opa kann spannende Geschichten erzählen.,My grandpa can tell exciting stories.,Sie erzählte von ihrem Urlaub.,She talked about her vacation.,Er hat uns einen Witz erzählt.,He told us a joke.
134,erleben,erlebte,hat erlebt,to experience,"yaşamak, tecrübe etmek",ich erlebe,du erlebst,Ich möchte im Urlaub etwas Neues erleben.,I would like to experience something new on vacation.,Wir erlebten einen schönen Abend.,We had a lovely evening.,Das habe ich noch nie erlebt.,I have never experienced that.
135,passieren,passierte,ist passiert,to happen,"olmak, meydana gelmek",ich passiere,du passierst,Hier kann leicht etwas passieren.,Something can easily happen here.,Gestern passierte ein Unfall.,An accident happened yesterday.,Was ist denn passiert?,What happened?
136,anbieten,bot an,hat angeboten,to offer,"ikram etmek, teklif etmek",ich biete an,du bietest an,Darf ich Ihnen einen Tee anbieten?,May I offer you a tea?,Sie bot mir ihren Platz an.,She offered me her seat.,Der Chef hat mir eine neue Stelle angeboten.,The boss offered me a new position.
137,sich vorstellen,stellte sich vor,hat sich vorgestellt,"to introduce oneself, to imagine","kendini tanıtmak, hayal etmek",ich stelle mich vor,du stellst dich vor,Darf ich mich vorstellen?,May I introduce myself?,Er stellte sich dem Team vor.,He introduced himself to the team.,Ich habe mich bei der Firma vorgestellt.,I introduced myself at the company.
138,verändern,veränderte,hat verändert,to change,"değiştirmek, değişmek",ich verändere,du veränderst,Wir wollen die Regeln nicht verändern.,We do not want to change the rules.,Der neue Job veränderte sein Leben.,The new job changed his life.,Du hast dich gar nicht verändert.,You have not changed at all.
139,wechseln,wechselte,hat gewechselt,"to change, to exchange","değiştirmek, bozdurmak",ich wechsle,du wechselst,Ich möchte Geld wechseln.,I would like to change money.,Er wechselte letztes Jahr die Firma.,He changed companies last year.,Sie hat den Reifen gewechselt.,She changed the tire.
140,benutzen,benutzte,hat benutzt,to use,kullanmak,ich benutze,du benutzt,Darf ich Ihr Telefon benutzen?,May I use your phone?,Er benutzte jeden Tag das Fahrrad.,He used the bike every day.,Hast du meinen Computer benutzt?,Did you use my computer?
141,verwenden,verwendete,hat verwendet,"to use, to apply","kullanmak, uygulamak",ich verwende,du verwendest,Man kann dieses Wort nicht überall verwenden.,You cannot use this word everywhere.,Sie verwendete frische Zutaten.,She used fresh ingredients.,Wir haben dafür einen Computer verwendet.,We used a computer for that.
142,funktionieren,funktionierte,hat funktioniert,"to work, to function","çalışmak, işlemek",ich funktioniere,du funktionierst,Der Automat soll wieder funktionieren.,The machine is supposed to work again.,Die Heizung funktionierte nicht.,The heating did not work.,Das hat gut funktioniert.,That worked well.
143,reparieren,reparierte,hat repariert,to repair,tamir etmek,ich repariere,du reparierst,Können Sie mein Fahrrad reparieren?,Can you repair my bike?,Er reparierte den Wasserhahn.,He repaired the faucet.,Wer hat das Auto repariert?,Who repaired the car?
144,putzen,putzte,hat geputzt,to clean,"temizlemek, silmek",ich putze,du putzt,Wir müssen noch die Küche putzen.,We still have to clean the kitchen.,Sie putzte das Bad.,She cleaned the bathroom.,Hast du die Fenster geputzt?,Did you clean the windows?
145,waschen,wusch,hat gewaschen,to wash,yıkamak,ich wasche,du wäschst,Ich muss noch Wäsche waschen.,I still have to do laundry.,Er wusch das Auto.,He washed the car.,Hast du dir die Hände gewaschen?,Did you wash your hands?
146,kochen,kochte,hat gekocht,"to cook, to boil","pişirmek, kaynamak",ich koche,du kochst,Ich möchte heute Abend für dich kochen.,I would like to cook for you tonight.,Er kochte Nudeln mit Tomatensoße.,He cooked pasta with tomato sauce.,Wer hat heute gekocht?,Who cooked today?
147,backen,backte,hat gebacken,to bake,"fırında pişirmek, kek veya ekmek yapmak",ich backe,du bäckst,Wir wollen einen Kuchen backen.,We want to bake a cake.,Meine Mutter backte jeden Sonntag Brot.,My mother baked bread every Sunday.,Ich habe Plätzchen gebacken.,I baked cookies.
148,schneiden,schnitt,hat geschnitten,to cut,kesmek,ich schneide,du schneidest,Ich muss die Zwiebeln schneiden.,I have to cut the onions.,Er schnitt das Brot in Scheiben.,He cut the bread into slices.,Ich habe mich in den Finger geschnitten.,I cut my finger.
149,aufräumen,räumte auf,hat aufgeräumt,to tidy up,"toplamak, düzenlemek",ich räume auf,du räumst auf,Ich muss mein Zimmer aufräumen.,I have to tidy up my room.,Sie räumte die Küche auf.,She tidied up the kitchen.,Hast du schon aufgeräumt?,Have you already tidied up?
150,abwaschen,wusch ab,hat abgewaschen,to wash up (dishes),bulaşık yıkamak,ich wasche ab,du wäschst ab,Wer will heute abwaschen?,Who wants to wash the dishes today?,Er wusch das Geschirr ab.,He washed the dishes.,Ich habe schon abgewaschen.,I have already done the dishes.
151,anziehen,zog an,hat angezogen,to put on (clothes),giymek,ich ziehe an,du ziehst an,Ich muss mir noch eine Jacke anziehen.,I still have to put on a jacket.,Sie zog ihren Mantel an und verließ das Haus.,She put on her coat and left the house.,Hast du dir etwas Warmes angezogen?,Did you put on something warm?
152,duschen,duschte,hat geduscht,to take a shower,duş almak,ich dusche,du duschst,Ich möchte nach dem Sport duschen.,I would like to take a shower after sports.,Er duschte kalt.,He took a cold shower.,Hast du schon geduscht?,Have you already showered?
153,baden,badete,hat gebadet,"to bathe, to swim","banyo yapmak, yüzmek (denizde, gölde)",ich bade,du badest,Wir wollen im See baden.,We want to swim in the lake.,Die Kinder badeten im Fluss.,The children swam in the river.,Ich habe gestern lange gebadet.,I took a long bath yesterday.
154,sich fühlen,fühlte sich,hat sich gefühlt,to feel,"hissetmek, kendini ... hissetmek",ich fühle mich,du fühlst dich,Ich möchte mich hier wohl fühlen.,I would like to feel comfortable here.,Er fühlte sich krank.,He felt sick.,Wie hast du dich gefühlt?,How did you feel?
155,sich ausruhen,ruhte sich aus,hat sich ausgeruht,to rest,dinlenmek,ich ruhe mich aus,du ruhst dich aus,Ich will mich am Wochenende ausruhen.,I want to rest on the weekend.,Sie ruhte sich nach der Arbeit aus.,She rested after work.,Hast du dich gut ausgeruht?,Did you have a good rest?
156,sich entspannen,entspannte sich,hat sich entspannt,to relax,rahatlamak,ich entspanne mich,du entspannst dich,Ich möchte mich bei Musik entspannen.,I would like to relax with music.,Er entspannte sich im Garten.,He relaxed in the garden.,Wir haben uns im Urlaub gut entspannt.,We relaxed well on vacation.
157,sich beeilen,beeilte sich,hat sich beeilt,to hurry,acele etmek,ich beeile mich,du beeilst dich,Wir müssen uns beeilen.,We have to hurry.,"Sie beeilte sich, um den Zug zu erreichen.",She hurried to catch the train.,Er hat sich sehr beeilt.,He hurried a lot.
158,sich setzen,setzte sich,hat sich gesetzt,to sit down,oturmak (oturma eylemi),ich setze mich,du setzt dich,Möchten Sie sich setzen?,Would you like to sit down?,Er setzte sich neben mich.,He sat down next to me.,Wir haben uns auf die Bank gesetzt.,We sat down on the bench.
159,sich verlieben,verliebte sich,hat sich verliebt,to fall in love,aşık olmak,ich verliebe mich,du verliebst dich,Man kann sich schnell verlieben.,You can fall in love quickly.,Sie verliebte sich in einen Kollegen.,She fell in love with a colleague.,Er hat sich in sie verliebt.,He fell in love with her.
160,sich trennen,trennte sich,hat sich getrennt,"to separate, to break up",ayrılmak,ich trenne mich,du trennst dich,Sie wollen sich nicht trennen.,They do not want to break up.,Sie trennte sich von ihrem Freund.,She broke up with her boyfriend.,Wir haben uns im Guten getrennt.,We parted on good terms.
161,sich verabschieden,verabschiedete sich,hat sich verabschiedet,to say goodbye,vedalaşmak,ich verabschiede mich,du verabschiedest dich,Ich muss mich leider verabschieden.,"Unfortunately, I have to say goodbye.",Wir verabschiedeten uns am Bahnhof.,We said goodbye at the station.,Hast du dich schon von allen verabschiedet?,Have you already said goodbye to everyone?
162,begrüßen,begrüßte,hat begrüßt,"to greet, to welcome","selamlamak, karşılamak",ich begrüße,du begrüßt,Ich möchte alle Gäste herzlich begrüßen.,I would like to warmly welcome all the guests.,Der Chef begrüßte die neuen Kollegen.,The boss welcomed the new colleagues.,Sie hat uns an der Tür begrüßt.,She greeted us at the door.
163,sich verspäten,verspätete sich,hat sich verspätet,to be late,geç kalmak,ich verspäte mich,du verspätest dich,Ich möchte mich nicht verspäten.,I do not want to be late.,Der Zug verspätete sich um zehn Minuten.,The train was ten minutes late.,Er hat sich leider ein wenig verspätet.,"Unfortunately, he was a little late."
164,verpassen,verpasste,hat verpasst,"to miss (bus, train, chance)",kaçırmak,ich verpasse,du verpasst,Ich will den Bus nicht verpassen.,I do not want to miss the bus.,Sie verpasste den Termin.,She missed the appointment.,Wir haben den Zug verpasst.,We missed the train.
165,erreichen,erreichte,hat erreicht,"to reach, to catch","ulaşmak, yetişmek",ich erreiche,du erreichst,Wir müssen den Bus noch erreichen.,We still have to catch the bus.,Er erreichte das Ziel um Mitternacht.,He reached the destination at midnight.,Ich habe ihn telefonisch nicht erreicht.,I could not reach him by phone.
166,landen,landete,ist gelandet,to land,"inmek (uçak), varmak",ich lande,du landest,Das Flugzeug soll um zehn Uhr landen.,The plane is supposed to land at ten o'clock.,Die Maschine landete pünktlich.,The plane landed on time.,Wir sind gut in Madrid gelandet.,We landed safely in Madrid.
167,parken,parkte,hat geparkt,to park,park etmek,ich parke,du parkst,Hier darf man nicht parken.,You must not park here.,Er parkte das Auto vor dem Haus.,He parked the car in front of the house.,Wo hast du geparkt?,Where did you park?
168,anhalten,hielt an,hat angehalten,to stop,"durmak, durdurmak",ich halte an,du hältst an,Der Fahrer muss hier anhalten.,The driver has to stop here.,Der Bus hielt an der Ecke an.,The bus stopped at the corner.,Sie hat das Auto angehalten.,She stopped the car.
169,abbiegen,bog ab,ist abgebogen,to turn (change direction),dönmek (yön),ich biege ab,du biegst ab,Sie müssen an der Ampel links abbiegen.,You have to turn left at the traffic light.,Das Auto bog nach rechts ab.,The car turned right.,Du bist falsch abgebogen.,You turned the wrong way.
170,überqueren,überquerte,hat überquert,to cross,karşıdan karşıya geçmek,ich überquere,du überquerst,Hier kann man die Straße überqueren.,You can cross the street here.,Die Kinder überquerten die Brücke.,The children crossed the bridge.,Er hat die Straße bei Rot überquert.,He crossed the street on red.
171,folgen,folgte,ist gefolgt,to follow,"takip etmek, izlemek",ich folge,du folgst,Sie können mir gern folgen.,You are welcome to follow me.,Der Hund folgte dem Mann.,The dog followed the man.,Wir sind dem Weg gefolgt.,We followed the path.
172,führen,führte,hat geführt,to lead,"götürmek, yönetmek",ich führe,du führst,Dieser Weg soll zum See führen.,This path is supposed to lead to the lake.,Der Weg führte durch den Wald.,The path led through the forest.,Er hat uns durch die Stadt geführt.,He led us through the city.
173,tragen,trug,hat getragen,"to carry, to wear","taşımak, giymek",ich trage,du trägst,Kannst du die Tasche für mich tragen?,Can you carry the bag for me?,Sie trug ein rotes Kleid.,She wore a red dress.,Er hat den Koffer die Treppe hinauf getragen.,He carried the suitcase up the stairs.
174,halten,hielt,hat gehalten,"to hold, to stop","tutmak, durmak",ich halte,du hältst,Kannst du kurz mein Glas halten?,Can you hold my glass for a moment?,Der Zug hielt nur kurz.,The train stopped only briefly.,Er hat meine Hand gehalten.,He held my hand.
175,werfen,warf,hat geworfen,to throw,"atmak, fırlatmak",ich werfe,du wirfst,Du darfst den Müll nicht auf die Straße werfen.,You must not throw the trash on the street.,Er warf den Ball über den Zaun.,He threw the ball over the fence.,Sie hat den Brief in den Briefkasten geworfen.,She dropped the letter into the mailbox.
176,fangen,fing,hat gefangen,to catch,yakalamak,ich fange,du fängst,Der Hund kann den Ball fangen.,The dog can catch the ball.,Die Katze fing eine Maus.,The cat caught a mouse.,Hast du den Ball gefangen?,Did you catch the ball?
177,fallen,fiel,ist gefallen,to fall,düşmek,ich falle,du fällst,"Vorsicht, hier kann man leicht fallen.","Careful, you can easily fall here.",Das Glas fiel auf den Boden.,The glass fell on the floor.,Er ist von der Leiter gefallen.,He fell off the ladder.
178,steigen,stieg,ist gestiegen,"to rise, to climb","yükselmek, tırmanmak",ich steige,du steigst,Die Preise werden bald steigen.,Prices will rise soon.,Die Temperatur stieg auf dreißig Grad.,The temperature rose to thirty degrees.,Die Miete ist wieder gestiegen.,The rent has risen again.
179,springen,sprang,ist gesprungen,to jump,"atlamak, zıplamak",ich springe,du springst,Die Kinder wollen ins Wasser springen.,The children want to jump into the water.,Er sprang über den Zaun.,He jumped over the fence.,Sie ist vom Dreimeterbrett gesprungen.,She jumped from the three-meter board.
180,schwimmen,schwamm,ist geschwommen,to swim,yüzmek,ich schwimme,du schwimmst,Wir wollen im Meer schwimmen.,We want to swim in the sea.,Er schwamm bis zur Insel.,He swam to the island.,Bist du schon einmal im Rhein geschwommen?,Have you ever swum in the Rhine?
181,tanzen,tanzte,hat getanzt,to dance,dans etmek,ich tanze,du tanzt,Wir wollen am Samstag tanzen gehen.,We want to go dancing on Saturday.,Sie tanzte den ganzen Abend.,She danced all evening.,Hast du auf der Hochzeit getanzt?,Did you dance at the wedding?
182,singen,sang,hat gesungen,to sing,şarkı söylemek,ich singe,du singst,Die Kinder sollen ein Lied singen.,The children are supposed to sing a song.,Sie sang leise vor sich hin.,She sang quietly to herself.,Wir haben zusammen gesungen.,We sang together.
183,malen,malte,hat gemalt,to paint,"resim yapmak, boyamak",ich male,du malst,Ich möchte ein Bild malen.,I would like to paint a picture.,Er malte die Wand weiß.,He painted the wall white.,Das Kind hat ein Haus gemalt.,The child painted a house.
184,fotografieren,fotografierte,hat fotografiert,to photograph,fotoğraf çekmek,ich fotografiere,du fotografierst,Hier darf man nicht fotografieren.,You may not take photos here.,Sie fotografierte die Berge.,She photographed the mountains.,Er hat alle Gäste fotografiert.,He photographed all the guests.
185,besichtigen,besichtigte,hat besichtigt,"to visit (sights), to view","gezmek, görmek (gezilecek yer)",ich besichtige,du besichtigst,Wir wollen die Altstadt besichtigen.,We want to visit the old town.,Er besichtigte die Wohnung am Samstag.,He viewed the apartment on Saturday.,Wir haben das Schloss besichtigt.,We toured the castle.
186,wandern,wanderte,ist gewandert,to hike,doğa yürüyüşü yapmak,ich wandere,du wanderst,Wir wollen im Herbst in den Bergen wandern.,We want to hike in the mountains in autumn.,Sie wanderten drei Stunden lang.,They hiked for three hours.,Wir sind am Sonntag gewandert.,We went hiking on Sunday.
187,joggen,joggte,ist gejoggt,to jog,koşu yapmak,ich jogge,du joggst,Ich will nach der Arbeit joggen.,I want to jog after work.,Er joggte jeden Tag eine halbe Stunde.,He jogged for half an hour every day.,Bist du heute schon gejoggt?,Have you already jogged today?
188,trainieren,trainierte,hat trainiert,"to train, to work out",antrenman yapmak,ich trainiere,du trainierst,Ich muss mehr trainieren.,I have to train more.,Er trainierte dreimal pro Woche.,He trained three times a week.,Wir haben im Fitnessstudio trainiert.,We worked out at the gym.
189,sich verletzen,verletzte sich,hat sich verletzt,to get injured,yaralanmak,ich verletze mich,du verletzt dich,Beim Sport kann man sich leicht verletzen.,You can easily get hurt when doing sports.,Er verletzte sich am Knie.,He injured his knee.,Hast du dich verletzt?,Did you get hurt?
190,brechen,brach,hat gebrochen,to break,kırmak,ich breche,du brichst,Das Eis kann leicht brechen.,The ice can break easily.,Er brach sich beim Skifahren das Bein.,He broke his leg while skiing.,Sie hat sich den Arm gebrochen.,She broke her arm.
191,ziehen,zog,hat gezogen,to pull,çekmek,ich ziehe,du ziehst,Sie müssen die Tür ziehen.,You have to pull the door.,Er zog an dem Seil.,He pulled on the rope.,Ich habe zu stark gezogen.,I pulled too hard.
192,drücken,drückte,hat gedrückt,"to press, to push","basmak, itmek",ich drücke,du drückst,Sie müssen den roten Knopf drücken.,You have to press the red button.,Sie drückte auf die Klingel.,She pressed the doorbell.,Wer hat den Knopf gedrückt?,Who pressed the button?
193,schieben,schob,hat geschoben,to push,itmek,ich schiebe,du schiebst,Wir müssen das Auto schieben.,We have to push the car.,Er schob den Wagen durch den Supermarkt.,He pushed the cart through the supermarket.,Sie hat den Kinderwagen geschoben.,She pushed the stroller.
194,legen,legte,hat gelegt,"to lay, to put (flat)",koymak (yatık şekilde),ich lege,du legst,Ich möchte das Buch auf den Tisch legen.,I would like to put the book on the table.,Sie legte den Schlüssel auf die Kommode.,She put the key on the dresser.,Wohin hast du mein Handy gelegt?,Where did you put my phone?
195,stellen,stellte,hat gestellt,"to put (upright), to place","koymak (dik şekilde), yerleştirmek",ich stelle,du stellst,Ich möchte die Flasche in den Kühlschrank stellen.,I would like to put the bottle in the fridge.,Er stellte das Glas auf den Tisch.,He put the glass on the table.,Wir haben das Fahrrad in den Keller gestellt.,We put the bike in the basement.
196,hängen,hängte,hat gehängt,to hang (something up),asmak,ich hänge,du hängst,Wir wollen das Bild an die Wand hängen.,We want to hang the picture on the wall.,Sie hängte die Jacke an den Haken.,She hung the jacket on the hook.,Ich habe die Wäsche in den Garten gehängt.,I hung the laundry in the garden.
197,füllen,füllte,hat gefüllt,to fill,doldurmak,ich fülle,du füllst,Ich muss den Tank füllen.,I have to fill the tank.,Sie füllte das Glas mit Wasser.,She filled the glass with water.,Er hat die Flasche gefüllt.,He filled the bottle.
198,schenken,schenkte,hat geschenkt,to give (as a gift),hediye etmek,ich schenke,du schenkst,Ich möchte ihr Blumen schenken.,I would like to give her flowers.,Er schenkte seiner Frau ein Buch.,He gave his wife a book.,Meine Eltern haben mir ein Fahrrad geschenkt.,My parents gave me a bike.
199,leihen,lieh,hat geliehen,"to lend, to borrow","ödünç vermek, ödünç almak",ich leihe,du leihst,Kannst du mir dein Fahrrad leihen?,Can you lend me your bike?,Er lieh sich Geld von seinem Bruder.,He borrowed money from his brother.,Ich habe mir ein Buch aus der Bibliothek geliehen.,I borrowed a book from the library.
200,feiern,feierte,hat gefeiert,to celebrate,"kutlamak, parti yapmak",ich feiere,du feierst,Wir wollen meinen Geburtstag feiern.,We want to celebrate my birthday.,Sie feierten bis spät in die Nacht.,They partied until late at night.,Wir haben gestern Abend gefeiert.,We celebrated last night.
201,verkaufen,verkaufte,hat verkauft,to sell,satmak,ich verkaufe,du verkaufst,Ich möchte mein altes Fahrrad verkaufen.,I would like to sell my old bike.,Er verkaufte sein Auto.,He sold his car.,Wir haben das Haus verkauft.,We sold the house.
202,gratulieren,gratulierte,hat gratuliert,to congratulate,tebrik etmek,ich gratuliere,du gratulierst,Ich möchte dir zum Geburtstag gratulieren.,I would like to congratulate you on your birthday.,Alle gratulierten dem Brautpaar.,Everyone congratulated the bride and groom.,Hast du ihr schon gratuliert?,Have you already congratulated her?
203,umtauschen,tauschte um,hat umgetauscht,to exchange (goods),değiştirmek (ürün değişimi),ich tausche um,du tauschst um,Kann ich die Hose umtauschen?,Can I exchange the trousers?,Sie tauschte das Hemd um.,She exchanged the shirt.,Ich habe die Schuhe umgetauscht.,I exchanged the shoes.
204,bestätigen,bestätigte,hat bestätigt,to confirm,onaylamak,ich bestätige,du bestätigst,Können Sie den Termin bitte bestätigen?,Can you please confirm the appointment?,Das Hotel bestätigte die Buchung.,The hotel confirmed the booking.,Er hat die E-Mail bestätigt.,He confirmed the email.
205,absagen,sagte ab,hat abgesagt,"to cancel, to decline","iptal etmek, mazeret bildirmek",ich sage ab,du sagst ab,Ich muss den Termin leider absagen.,"Unfortunately, I have to cancel the appointment.",Sie sagte die Party ab.,She canceled the party.,Er hat seinen Besuch abgesagt.,He canceled his visit.
206,zusagen,sagte zu,hat zugesagt,to accept (an invitation),"kabul etmek, evet demek",ich sage zu,du sagst zu,Ich möchte gern zusagen.,I would gladly like to accept.,Sie sagte sofort zu.,She accepted immediately.,Hast du schon zugesagt?,Have you already accepted?
207,annehmen,nahm an,hat angenommen,"to accept, to assume","kabul etmek, varsaymak",ich nehme an,du nimmst an,Ich werde das Angebot annehmen.,I will accept the offer.,Er nahm die Einladung an.,He accepted the invitation.,"Ich habe angenommen, dass du kommst.",I assumed that you were coming.
208,ablehnen,lehnte ab,hat abgelehnt,"to reject, to decline",reddetmek,ich lehne ab,du lehnst ab,Ich muss das Angebot leider ablehnen.,"Unfortunately, I have to decline the offer.",Die Firma lehnte seine Bewerbung ab.,The company rejected his application.,Sie hat die Einladung abgelehnt.,She declined the invitation.
209,abgeben,gab ab,hat abgegeben,to hand in,"teslim etmek, bırakmak",ich gebe ab,du gibst ab,Ich muss die Hausaufgaben morgen abgeben.,I have to hand in the homework tomorrow.,Er gab seinen Mantel an der Garderobe ab.,He left his coat at the cloakroom.,Hast du das Formular schon abgegeben?,Have you already handed in the form?
210,ausfüllen,füllte aus,hat ausgefüllt,to fill out,doldurmak (form),ich fülle aus,du füllst aus,Sie müssen das Formular ausfüllen.,You have to fill out the form.,Sie füllte den Antrag sorgfältig aus.,She filled out the application carefully.,Hast du alles ausgefüllt?,Did you fill out everything?
211,unterschreiben,unterschrieb,hat unterschrieben,to sign,imzalamak,ich unterschreibe,du unterschreibst,Sie müssen hier unterschreiben.,You have to sign here.,Er unterschrieb den Vertrag.,He signed the contract.,Hast du den Brief unterschrieben?,Did you sign the letter?
212,anmelden,meldete an,hat angemeldet,to register,"kaydetmek, kaydolmak",ich melde an,du meldest an,Ich möchte mich für den Kurs anmelden.,I would like to register for the course.,Sie meldete ihr Kind in der Schule an.,She registered her child at school.,Hast du dich schon angemeldet?,Have you already registered?
213,abmelden,meldete ab,hat abgemeldet,"to deregister, to cancel a registration",kaydını silmek,ich melde ab,du meldest ab,Ich muss mich bei der Stadt abmelden.,I have to deregister at the city office.,Er meldete sich im Fitnessstudio ab.,He canceled his gym membership.,Wir haben das Auto abgemeldet.,We deregistered the car.
214,beantragen,beantragte,hat beantragt,to apply for (an official document),başvurmak (resmi belge),ich beantrage,du beantragst,Ich möchte ein Visum beantragen.,I would like to apply for a visa.,Er beantragte einen neuen Pass.,He applied for a new passport.,Wir haben Hilfe beantragt.,We applied for assistance.
215,überweisen,überwies,hat überwiesen,to transfer (money),havale etmek,ich überweise,du überweist,Ich muss die Miete noch überweisen.,I still have to transfer the rent.,Er überwies das Geld sofort.,He transferred the money immediately.,Hast du schon überwiesen?,Have you already made the transfer?
216,abheben,hob ab,hat abgehoben,to withdraw (money),para çekmek,ich hebe ab,du hebst ab,Ich muss noch Geld abheben.,I still have to withdraw some money.,Sie hob hundert Euro ab.,She withdrew one hundred euros.,Ich habe Bargeld abgehoben.,I withdrew cash.
217,sparen,sparte,hat gespart,to save,"biriktirmek, tasarruf etmek",ich spare,du sparst,Wir wollen für den Urlaub sparen.,We want to save for the vacation.,Er sparte jeden Monat hundert Euro.,He saved one hundred euros every month.,Ich habe viel Geld gespart.,I saved a lot of money.
218,ausgeben,gab aus,hat ausgegeben,to spend (money),harcamak,ich gebe aus,du gibst aus,Ich will nicht so viel Geld ausgeben.,I do not want to spend so much money.,Sie gab ihr ganzes Geld für Kleidung aus.,She spent all her money on clothes.,Wir haben zu viel ausgegeben.,We spent too much.
219,zurückgeben,gab zurück,hat zurückgegeben,"to give back, to return","geri vermek, iade etmek",ich gebe zurück,du gibst zurück,Ich muss das Buch bis Freitag zurückgeben.,I have to return the book by Friday.,Er gab ihr das Geld zurück.,He gave her the money back.,Hast du den Schlüssel zurückgegeben?,Did you return the key?
220,zurückkommen,kam zurück,ist zurückgekommen,to come back,geri gelmek,ich komme zurück,du kommst zurück,Wann wirst du zurückkommen?,When will you come back?,Er kam erst spät zurück.,He did not come back until late.,Sie ist aus dem Urlaub zurückgekommen.,She came back from vacation.
221,mitkommen,kam mit,ist mitgekommen,to come along,birlikte gelmek,ich komme mit,du kommst mit,Möchtest du morgen mitkommen?,Would you like to come along tomorrow?,Er kam nicht mit.,He did not come along.,Bist du zur Party mitgekommen?,Did you come along to the party?
222,mitnehmen,nahm mit,hat mitgenommen,to take along,yanında götürmek,ich nehme mit,du nimmst mit,Sie dürfen einen Koffer mitnehmen.,You may take one suitcase along.,Sie nahm ihren Hund mit.,She took her dog along.,Ich habe meine Jacke mitgenommen.,I took my jacket with me.
223,abnehmen,nahm ab,hat abgenommen,"to lose weight, to take off","kilo vermek, çıkarmak, indirmek",ich nehme ab,du nimmst ab,Ich möchte fünf Kilo abnehmen.,I would like to lose five kilos.,Er nahm den Hörer ab.,He picked up the receiver.,Sie hat im letzten Jahr viel abgenommen.,She lost a lot of weight last year.
224,zunehmen,nahm zu,hat zugenommen,"to gain weight, to increase","kilo almak, artmak",ich nehme zu,du nimmst zu,Im Winter kann man leicht zunehmen.,In winter you can easily gain weight.,Der Verkehr nahm stark zu.,Traffic increased sharply.,Er hat zwei Kilo zugenommen.,He gained two kilos.
225,ausgehen,ging aus,ist ausgegangen,to go out,"dışarı çıkmak, sönmek",ich gehe aus,du gehst aus,Wir wollen heute Abend ausgehen.,We want to go out tonight.,Sie gingen oft zusammen aus.,They often went out together.,Das Licht ist plötzlich ausgegangen.,The light suddenly went out.
226,beschreiben,beschrieb,hat beschrieben,to describe,"tarif etmek, betimlemek",ich beschreibe,du beschreibst,Können Sie den Weg bitte beschreiben?,"Can you describe the way, please?",Sie beschrieb ihr neues Zimmer.,She described her new room.,Hast du das Bild beschrieben?,Did you describe the picture?
227,vergleichen,verglich,hat verglichen,to compare,karşılaştırmak,ich vergleiche,du vergleichst,Wir wollen die Preise vergleichen.,We want to compare the prices.,Er verglich die beiden Angebote.,He compared the two offers.,Hast du die Hotels verglichen?,Did you compare the hotels?
228,zählen,zählte,hat gezählt,to count,saymak,ich zähle,du zählst,Die Kinder können schon bis hundert zählen.,The children can already count to one hundred.,Er zählte das Geld.,He counted the money.,Hast du die Gäste gezählt?,Did you count the guests?
229,messen,maß,hat gemessen,to measure,ölçmek,ich messe,du misst,Wir müssen das Zimmer messen.,We have to measure the room.,Die Ärztin maß sein Fieber.,The doctor measured his fever.,Hast du die Länge gemessen?,Did you measure the length?
230,rechnen,rechnete,hat gerechnet,to calculate,"hesaplamak, işlem yapmak",ich rechne,du rechnest,Wir müssen schnell im Kopf rechnen.,We have to calculate quickly in our heads.,Er rechnete lange.,He calculated for a long time.,Hast du richtig gerechnet?,Did you calculate correctly?
231,schätzen,schätzte,hat geschätzt,"to estimate, to value","tahmin etmek, değer vermek",ich schätze,du schätzt,Ich kann den Preis nur schätzen.,I can only estimate the price.,Sie schätzte ihn als Chef.,She valued him as a boss.,Ich habe die Kosten auf tausend Euro geschätzt.,I estimated the costs at one thousand euros.
232,prüfen,prüfte,hat geprüft,"to check, to test","kontrol etmek, sınamak",ich prüfe,du prüfst,Der Lehrer will unser Wissen prüfen.,The teacher wants to test our knowledge.,Die Beamtin prüfte meine Unterlagen.,The official checked my documents.,Hast du den Text geprüft?,Did you check the text?
233,kontrollieren,kontrollierte,hat kontrolliert,"to check, to inspect","kontrol etmek, denetlemek",ich kontrolliere,du kontrollierst,Die Polizei wird die Papiere kontrollieren.,The police will check the papers.,Der Schaffner kontrollierte die Fahrkarten.,The conductor checked the tickets.,Hast du das Gepäck kontrolliert?,Did you check the luggage?
234,testen,testete,hat getestet,to test,"test etmek, denemek",ich teste,du testest,Wir wollen das neue Programm testen.,We want to test the new program.,Er testete das Handy zwei Wochen.,He tested the phone for two weeks.,Hast du die Waschmaschine getestet?,Did you test the washing machine?
235,untersuchen,untersuchte,hat untersucht,to examine,"muayene etmek, incelemek",ich untersuche,du untersuchst,Der Arzt muss Sie kurz untersuchen.,The doctor has to examine you briefly.,Die Ärztin untersuchte das Kind.,The doctor examined the child.,Man hat mich gestern untersucht.,I was examined yesterday.
236,behandeln,behandelte,hat behandelt,to treat,"tedavi etmek, davranmak",ich behandle,du behandelst,Der Arzt wird die Wunde behandeln.,The doctor will treat the wound.,Der Zahnarzt behandelte meinen Zahn.,The dentist treated my tooth.,Man hat ihn gut behandelt.,He was treated well.
237,husten,hustete,hat gehustet,to cough,öksürmek,ich huste,du hustest,Ich muss in der Nacht oft husten.,I often have to cough at night.,Er hustete die ganze Nacht.,He coughed all night.,Sie hat stark gehustet.,She coughed a lot.
238,sich erkälten,erkältete sich,hat sich erkältet,to catch a cold,"nezle olmak, üşütmek",ich erkälte mich,du erkältest dich,Im Winter kann man sich leicht erkälten.,In winter you can easily catch a cold.,Er erkältete sich auf der Reise.,He caught a cold on the trip.,Ich habe mich erkältet.,I caught a cold.
239,rauchen,rauchte,hat geraucht,to smoke,sigara içmek,ich rauche,du rauchst,Hier darf man nicht rauchen.,You must not smoke here.,Er rauchte früher viel.,He used to smoke a lot.,Hast du schon wieder geraucht?,Did you smoke again?
240,sich erholen,erholte sich,hat sich erholt,"to recover, to relax","iyileşmek, dinlenip toparlanmak",ich erhole mich,du erholst dich,Ich will mich im Urlaub gut erholen.,I want to recover well on vacation.,Sie erholte sich schnell von der Grippe.,She recovered quickly from the flu.,Hast du dich gut erholt?,Did you recover well?
241,sterben,starb,ist gestorben,to die,ölmek,ich sterbe,du stirbst,Niemand möchte jung sterben.,Nobody wants to die young.,Sein Opa starb vor einem Jahr.,His grandpa died a year ago.,Die Pflanze ist gestorben.,The plant died.
242,atmen,atmete,hat geatmet,to breathe,nefes almak,ich atme,du atmest,Ich kann nicht gut atmen.,I cannot breathe well.,Er atmete tief ein.,He took a deep breath.,Sie hat ruhig geatmet.,She breathed calmly.
243,riechen,roch,hat gerochen,to smell,"koklamak, kokmak",ich rieche,du riechst,Man kann das Essen schon riechen.,You can already smell the food.,Die Küche roch nach Kaffee.,The kitchen smelled of coffee.,Hast du das Gas gerochen?,Did you smell the gas?
244,spüren,spürte,hat gespürt,"to feel, to sense","hissetmek, duymak",ich spüre,du spürst,Ich kann meine Füße nicht mehr spüren.,I can no longer feel my feet.,Er spürte einen Schmerz im Rücken.,He felt a pain in his back.,Hast du den Wind gespürt?,Did you feel the wind?
245,aufwachen,wachte auf,ist aufgewacht,to wake up,uyanmak,ich wache auf,du wachst auf,Ich will morgen nicht zu spät aufwachen.,I do not want to wake up too late tomorrow.,Das Baby wachte nachts oft auf.,The baby often woke up at night.,Bist du schon aufgewacht?,Have you woken up yet?
246,einschlafen,schlief ein,ist eingeschlafen,to fall asleep,uykuya dalmak,ich schlafe ein,du schläfst ein,Ich kann abends schlecht einschlafen.,I have trouble falling asleep in the evening.,Er schlief vor dem Fernseher ein.,He fell asleep in front of the TV.,Sie ist sofort eingeschlafen.,She fell asleep immediately.
247,träumen,träumte,hat geträumt,to dream,"rüya görmek, hayal kurmak",ich träume,du träumst,Ich möchte nachts schön träumen.,I would like to have nice dreams at night.,Sie träumte von einem Haus am Meer.,She dreamed of a house by the sea.,Ich habe von dir geträumt.,I dreamed about you.
248,wachsen,wuchs,ist gewachsen,to grow,"büyümek, yetişmek",ich wachse,du wächst,Die Kinder werden schnell wachsen.,The children will grow quickly.,Der Baum wuchs sehr hoch.,The tree grew very tall.,Du bist groß gewachsen.,You have grown tall.
249,lügen,log,hat gelogen,to lie,yalan söylemek,ich lüge,du lügst,Man darf nicht lügen.,You must not lie.,Der Junge log nie.,The boy never lied.,Du hast gelogen!,You lied!
250,sich kümmern,kümmerte sich,hat sich gekümmert,to take care of,"ilgilenmek, bakmak",ich kümmere mich,du kümmerst dich,Ich muss mich um die Kinder kümmern.,I have to take care of the children.,Sie kümmerte sich um ihre Oma.,She took care of her grandma.,Wer hat sich um die Blumen gekümmert?,Who took care of the flowers?
251,scheinen,schien,hat geschienen,"to shine, to seem","parlamak, görünmek",ich scheine,du scheinst,Morgen soll die Sonne scheinen.,The sun is supposed to shine tomorrow.,Die Sonne schien den ganzen Tag.,The sun shone all day.,Die Sonne hat heute stark geschienen.,The sun shone strongly today.
252,blühen,blühte,hat geblüht,to bloom,çiçek açmak,ich blühe,du blühst,Im Frühling werden die Blumen blühen.,In spring the flowers will bloom.,Die Rosen blühten im Garten.,The roses bloomed in the garden.,Der Baum hat schon geblüht.,The tree has already bloomed.
253,brennen,brannte,hat gebrannt,to burn,yanmak,ich brenne,du brennst,Das Feuer soll die ganze Nacht brennen.,The fire is supposed to burn all night.,Im Wohnzimmer brannte noch Licht.,A light was still on in the living room.,Das Haus hat gebrannt.,The house was on fire.
254,bauen,baute,hat gebaut,to build,"inşa etmek, yapmak",ich baue,du baust,Sie wollen ein Haus bauen.,They want to build a house.,Man baute die Brücke in einem Jahr.,The bridge was built in one year.,Wir haben im Garten einen Zaun gebaut.,We built a fence in the garden.
255,entwickeln,entwickelte,hat entwickelt,to develop,geliştirmek,ich entwickle,du entwickelst,Die Firma will ein neues Produkt entwickeln.,The company wants to develop a new product.,Er entwickelte eine App.,He developed an app.,Die Stadt hat sich gut entwickelt.,The city has developed well.
256,entdecken,entdeckte,hat entdeckt,to discover,keşfetmek,ich entdecke,du entdeckst,Wir möchten neue Länder entdecken.,We would like to discover new countries.,Er entdeckte ein kleines Café.,He discovered a small café.,Hast du den Fehler entdeckt?,Did you discover the mistake?
257,herstellen,stellte her,hat hergestellt,"to produce, to manufacture",üretmek,ich stelle her,du stellst her,Die Fabrik soll Autoteile herstellen.,The factory is supposed to produce car parts.,Die Firma stellte Möbel her.,The company produced furniture.,Wo hat man das hergestellt?,Where was that produced?
258,liefern,lieferte,hat geliefert,to deliver,"teslim etmek, getirmek (sipariş)",ich liefere,du lieferst,Der Laden kann die Möbel liefern.,The shop can deliver the furniture.,Sie lieferten die Ware am Montag.,They delivered the goods on Monday.,Der Händler hat noch nicht geliefert.,The dealer has not delivered yet.
259,verschicken,verschickte,hat verschickt,to send out,"göndermek (toplu, kargo)",ich verschicke,du verschickst,Wir müssen die Einladungen verschicken.,We have to send out the invitations.,Sie verschickte das Paket mit der Post.,She sent the package by mail.,Er hat viele E-Mails verschickt.,He sent out many emails.
260,erhalten,erhielt,hat erhalten,to receive (formal),"teslim almak, edinmek (resmi)",ich erhalte,du erhältst,Sie werden bald eine Antwort erhalten.,You will soon receive an answer.,Er erhielt einen Brief von der Bank.,He received a letter from the bank.,Haben Sie meine Nachricht erhalten?,Did you receive my message?
261,besitzen,besaß,hat besessen,to own,"sahip olmak, mal sahibi olmak",ich besitze,du besitzt,Er möchte ein eigenes Haus besitzen.,He would like to own a house of his own.,Die Familie besaß einen großen Garten.,The family owned a big garden.,Sie hat nie ein Auto besessen.,She never owned a car.
262,enthalten,enthielt,hat enthalten,to contain,içermek,ich enthalte,du enthältst,Der Kuchen soll keine Nüsse enthalten.,The cake is supposed to contain no nuts.,Die Tasche enthielt nur ein Buch.,The bag contained only a book.,Das Paket hat nichts Wichtiges enthalten.,The package did not contain anything important.
263,bestehen,bestand,hat bestanden,"to pass (an exam), to consist","sınavı geçmek, oluşmak",ich bestehe,du bestehst,Ich will die Prüfung bestehen.,I want to pass the exam.,Sie bestand den Test mit guten Noten.,She passed the test with good grades.,Hast du die Prüfung bestanden?,Did you pass the exam?
264,bedeuten,bedeutete,hat bedeutet,to mean,anlamına gelmek,ich bedeute,du bedeutest,"Das Wort soll ""Haus"" bedeuten.","The word is supposed to mean ""house"".",Das Zeichen bedeutete Gefahr.,The sign meant danger.,Was hat das bedeutet?,What did that mean?
265,bitten,bat,hat gebeten,"to ask for, to request",rica etmek,ich bitte,du bittest,Ich möchte Sie um Hilfe bitten.,I would like to ask you for help.,Er bat sie um ein Glas Wasser.,He asked her for a glass of water.,Sie hat mich um einen Gefallen gebeten.,She asked me for a favor.
266,wünschen,wünschte,hat gewünscht,to wish,"dilemek, arzu etmek",ich wünsche,du wünschst,Ich möchte dir viel Glück wünschen.,I would like to wish you a lot of luck.,Sie wünschte sich ein Fahrrad.,She wished for a bike.,Wir haben dir gute Besserung gewünscht.,We wished you a speedy recovery.
267,danken,dankte,hat gedankt,to thank,"şükran duymak, teşekkür etmek (dativ)",ich danke,du dankst,Ich möchte allen Helfern danken.,I would like to thank all the helpers.,Er dankte ihr für die Blumen.,He thanked her for the flowers.,Hat er ihr schon gedankt?,Has he already thanked her?
268,vorhaben,hatte vor,hat vorgehabt,"to plan, to intend","niyetinde olmak, planlamak",ich habe vor,du hast vor,Ich möchte am Wochenende nichts vorhaben.,I would like to have no plans on the weekend.,Wir hatten einen Ausflug vor.,We had a trip planned.,Hast du etwas für heute Abend vorgehabt?,Did you have something planned for tonight?
269,stattfinden,fand statt,hat stattgefunden,to take place,"gerçekleşmek, yapılmak",ich finde statt,du findest statt,Das Konzert soll im Park stattfinden.,The concert is supposed to take place in the park.,Die Feier fand im Garten statt.,The party took place in the garden.,Der Kurs hat gestern stattgefunden.,The course took place yesterday.
270,zuhören,hörte zu,hat zugehört,to listen to,dikkatle dinlemek,ich höre zu,du hörst zu,Ich möchte dir gern zuhören.,I would gladly like to listen to you.,Die Kinder hörten aufmerksam zu.,The children listened attentively.,Hast du dem Lehrer zugehört?,Did you listen to the teacher?
271,überraschen,überraschte,hat überrascht,to surprise,şaşırtmak,ich überrasche,du überraschst,Wir wollen sie mit einem Kuchen überraschen.,We want to surprise her with a cake.,Das Ergebnis überraschte uns alle.,The result surprised us all.,Du hast mich wirklich überrascht.,You really surprised me.
272,sich befinden,befand sich,hat sich befunden,to be located,bulunmak,ich befinde mich,du befindest dich,Das Hotel soll sich in der Nähe vom Bahnhof befinden.,The hotel is supposed to be located near the station.,Das Büro befand sich im zweiten Stock.,The office was located on the second floor.,Die Schule hat sich früher in der Altstadt befunden.,The school used to be located in the old town.
273,erfinden,erfand,hat erfunden,to invent,"icat etmek, uydurmak",ich erfinde,du erfindest,Er will eine neue Maschine erfinden.,He wants to invent a new machine.,Man erfand das Telefon vor langer Zeit.,The telephone was invented a long time ago.,Das hast du doch erfunden!,You made that up!
274,verbringen,verbrachte,hat verbracht,to spend (time),geçirmek (zaman),ich verbringe,du verbringst,Ich möchte meinen Urlaub am Meer verbringen.,I would like to spend my vacation by the sea.,Wir verbrachten einen schönen Tag im Park.,We spent a lovely day in the park.,Wo hast du den Sommer verbracht?,Where did you spend the summer?
275,bedienen,bediente,hat bedient,"to serve, to operate","hizmet etmek, kullanmak (cihaz)",ich bediene,du bedienst,Der Kellner soll uns schnell bedienen.,The waiter is supposed to serve us quickly.,Die Verkäuferin bediente die Kunden freundlich.,The saleswoman served the customers in a friendly way.,Wer hat dich bedient?,Who served you?
276,vermeiden,vermied,hat vermieden,to avoid,kaçınmak,ich vermeide,du vermeidest,Wir wollen Streit vermeiden.,We want to avoid arguments.,Er vermied jedes Gespräch.,He avoided every conversation.,Sie hat den Stau vermieden.,She avoided the traffic jam.
277,lösen,löste,hat gelöst,"to solve, to loosen",çözmek,ich löse,du löst,Wir müssen das Problem lösen.,We have to solve the problem.,Sie löste die Aufgabe schnell.,She solved the task quickly.,Hast du das Rätsel gelöst?,Did you solve the puzzle?
278,bemerken,bemerkte,hat bemerkt,to notice,fark etmek,ich bemerke,du bemerkst,Man kann den Fehler leicht bemerken.,You can easily notice the mistake.,Er bemerkte den Rauch zu spät.,He noticed the smoke too late.,Hast du das bemerkt?,Did you notice that?
279,erkennen,erkannte,hat erkannt,to recognize,"tanımak, fark etmek",ich erkenne,du erkennst,Ich kann ihn kaum erkennen.,I can hardly recognize him.,Sie erkannte ihre alte Lehrerin sofort.,She recognized her old teacher immediately.,Hast du mich nicht erkannt?,Did you not recognize me?
280,aufpassen,passte auf,hat aufgepasst,"to pay attention, to watch out","dikkat etmek, göz kulak olmak",ich passe auf,du passt auf,Du musst im Verkehr gut aufpassen.,You have to pay close attention in traffic.,Die Nachbarin passte auf die Kinder auf.,The neighbor looked after the children.,Hast du im Unterricht aufgepasst?,Did you pay attention in class?
281,warnen,warnte,hat gewarnt,to warn,uyarmak,ich warne,du warnst,Ich muss dich vor dem Hund warnen.,I have to warn you about the dog.,Der Arzt warnte ihn vor dem Rauchen.,The doctor warned him about smoking.,Sie hat uns vor dem Wetter gewarnt.,She warned us about the weather.
282,schützen,schützte,hat geschützt,to protect,korumak,ich schütze,du schützt,Wir müssen die Umwelt schützen.,We have to protect the environment.,Der Hut schützte ihn vor der Sonne.,The hat protected him from the sun.,Er hat die Kinder vor dem Regen geschützt.,He protected the children from the rain.
283,wählen,wählte,hat gewählt,"to choose, to elect, to dial","seçmek, oy vermek, numara çevirmek",ich wähle,du wählst,Sie können zwischen zwei Menüs wählen.,You can choose between two menus.,Sie wählte das blaue Kleid.,She chose the blue dress.,Hast du schon gewählt?,Have you already chosen?
284,zustimmen,stimmte zu,hat zugestimmt,to agree,"katılmak, onaylamak",ich stimme zu,du stimmst zu,Ich kann dir nicht zustimmen.,I cannot agree with you.,Der Chef stimmte dem Plan zu.,The boss agreed to the plan.,Alle haben dem Vorschlag zugestimmt.,Everyone agreed to the proposal.
285,vertrauen,vertraute,hat vertraut,to trust,güvenmek,ich vertraue,du vertraust,Man muss seinen Freunden vertrauen können.,You have to be able to trust your friends.,Er vertraute ihr nicht.,He did not trust her.,Ich habe dir immer vertraut.,I have always trusted you.
286,überlegen,überlegte,hat überlegt,"to think about, to consider",düşünüp taşınmak,ich überlege,du überlegst,Ich muss noch kurz überlegen.,I still need to think for a moment.,Sie überlegte lange.,She thought about it for a long time.,Hast du es dir überlegt?,Have you thought about it?
287,nachdenken,dachte nach,hat nachgedacht,"to think (about), to reflect","düşünmek, derin düşünmek",ich denke nach,du denkst nach,Ich möchte noch ein bisschen nachdenken.,I would like to think a little more.,Er dachte über das Angebot nach.,He thought about the offer.,Hast du über meine Frage nachgedacht?,Have you thought about my question?
288,sich konzentrieren,konzentrierte sich,hat sich konzentriert,to concentrate,"konsantre olmak, odaklanmak",ich konzentriere mich,du konzentrierst dich,Ich muss mich auf die Prüfung konzentrieren.,I have to concentrate on the exam.,Er konzentrierte sich auf die Arbeit.,He concentrated on his work.,Hast du dich gut konzentriert?,Did you concentrate well?
289,sich beschweren,beschwerte sich,hat sich beschwert,to complain,şikayet etmek,ich beschwere mich,du beschwerst dich,Ich möchte mich über den Service beschweren.,I would like to complain about the service.,Die Gäste beschwerten sich über das Essen.,The guests complained about the food.,Hast du dich beim Chef beschwert?,Did you complain to the boss?
290,sich unterhalten,unterhielt sich,hat sich unterhalten,"to chat, to have a conversation","sohbet etmek, eğlenmek",ich unterhalte mich,du unterhältst dich,Wir wollen uns in Ruhe unterhalten.,We want to talk in peace.,Sie unterhielten sich lange über das Wetter.,They chatted for a long time about the weather.,Wir haben uns gut unterhalten.,We had a good conversation.
291,verbinden,verband,hat verbunden,"to connect, to bandage","bağlamak, sargılamak",ich verbinde,du verbindest,Ich möchte den Laptop mit dem Fernseher verbinden.,I would like to connect the laptop to the TV.,Die Krankenschwester verband seinen Arm.,The nurse bandaged his arm.,Man hat mich mit dem Chef verbunden.,I was put through to the boss.
292,verlängern,verlängerte,hat verlängert,to extend,uzatmak,ich verlängere,du verlängerst,Ich möchte meinen Vertrag verlängern.,I would like to extend my contract.,Er verlängerte das Visum um drei Monate.,He extended the visa by three months.,Wir haben den Urlaub verlängert.,We extended the vacation.
293,sich gewöhnen,gewöhnte sich,hat sich gewöhnt,to get used to,alışmak,ich gewöhne mich,du gewöhnst dich,Ich muss mich an das Wetter gewöhnen.,I have to get used to the weather.,Er gewöhnte sich schnell an die neue Stadt.,He quickly got used to the new city.,Hast du dich schon an die Arbeit gewöhnt?,Have you already gotten used to the work?
294,aussehen,sah aus,hat ausgesehen,"to look, to appear","görünmek, ... gibi görünmek",ich sehe aus,du siehst aus,Du wirst in dem Kleid toll aussehen.,You will look great in the dress.,Er sah müde aus.,He looked tired.,Sie hat gestern krank ausgesehen.,She looked sick yesterday.
295,ansehen,sah an,hat angesehen,"to look at, to watch","bakmak, izlemek",ich sehe an,du siehst an,Ich möchte mir die Wohnung ansehen.,I would like to have a look at the apartment.,Wir sahen uns den Film zusammen an.,We watched the film together.,Hast du dir das Video angesehen?,Did you watch the video?
296,dauern,dauerte,hat gedauert,"to last, to take (time)",sürmek (zaman),ich dauere,du dauerst,Die Reise wird zwei Stunden dauern.,The trip will take two hours.,Der Film dauerte drei Stunden.,The film lasted three hours.,Wie lange hat das gedauert?,How long did that take?
297,versuchen,versuchte,hat versucht,to try,"denemek, çalışmak",ich versuche,du versuchst,"Ich will versuchen, pünktlich zu sein.",I will try to be on time.,"Sie versuchte, ihn anzurufen.",She tried to call him.,Hast du es schon versucht?,Have you tried it yet?
298,erledigen,erledigte,hat erledigt,"to take care of, to get done","halletmek, bitirmek",ich erledige,du erledigst,Ich muss heute noch Einkäufe erledigen.,I still have to run errands today.,Er erledigte die Arbeit schnell.,He got the work done quickly.,Hast du alles erledigt?,Did you get everything done?
299,stören,störte,hat gestört,to disturb,rahatsız etmek,ich störe,du störst,Ich möchte Sie nicht stören.,I do not want to disturb you.,Der Lärm störte die Nachbarn.,The noise disturbed the neighbors.,Habe ich dich gestört?,Did I disturb you?
300,erwarten,erwartete,hat erwartet,to expect,"beklemek, ummak",ich erwarte,du erwartest,Wir müssen morgen Besuch erwarten.,We have to expect visitors tomorrow.,Sie erwartete einen Anruf.,She expected a call.,Das habe ich nicht erwartet.,I did not expect that.
